signal_id,label,severity,Fs,duration_s,n_samples,SNR_db,event_start_s,event_end_s,seed,split,family_id,file,parameters_json
normal_000000_clean,normal,none,10000,1,10000,,,,2026,train,normal_000000,signals/normal_000000_clean.mat,"{""phase_rad"":-1.7634033830229734,""amplitude_pu_rms"":1}"
voltage_sag_000000_clean,voltage_sag,low,10000,1,10000,,0.668548370697027,0.802377738381972,102026,train,voltage_sag_000000,signals/voltage_sag_000000_clean.mat,"{""phase_rad"":1.4407684809949908,""amplitude_pu_rms"":1,""residual_voltage_pu"":0.80450013923190256}"
voltage_swell_000000_clean,voltage_swell,low,10000,1,10000,,0.467714672537585,0.511253576238538,202026,train,voltage_swell_000000,signals/voltage_swell_000000_clean.mat,"{""phase_rad"":2.9025606639480008,""amplitude_pu_rms"":1,""swell_voltage_pu"":1.1740738742874965}"
interruption_000000_clean,interruption,low,10000,1,10000,,0.381354439282143,0.444955286329769,302026,train,interruption_000000,signals/interruption_000000_clean.mat,"{""phase_rad"":-0.16244956331253269,""amplitude_pu_rms"":1,""residual_voltage_pu"":0.0420833448289271}"
harmonics_000000_clean,harmonics,low,10000,1,10000,,,,402026,train,harmonics_000000,signals/harmonics_000000_clean.mat,"{""phase_rad"":-1.1209561003228159,""amplitude_pu_rms"":1,""harmonic_orders"":[3,5,7,9],""harmonic_amplitudes_pu_rms"":[0.061732424224422107,0.03205337411652686,0.016620268060421339,0.00831013403021067],""harmonic_phases_rad"":[-1.6035477515940515,1.4722752909487911,-0.11628125217536756,-1.1673485242838655],""target_thd_percent"":7.19972404393278}"
flicker_000000_clean,flicker,low,10000,1,10000,,,,502026,train,flicker_000000,signals/flicker_000000_clean.mat,"{""phase_rad"":-1.7763187933041402,""amplitude_pu_rms"":1,""modulation_depth"":0.11418680622543798,""modulation_frequency_hz"":9.3913923747833081}"
oscillatory_transient_000000_clean,oscillatory_transient,low,10000,1,10000,,0.341325175825701,0.363950192297455,602026,train,oscillatory_transient_000000,signals/oscillatory_transient_000000_clean.mat,"{""phase_rad"":-2.7780144214230829,""amplitude_pu_rms"":1,""transient_amplitude_pu"":0.18634904308808004,""transient_frequency_hz"":635.38079635766258,""decay_tau_s"":0.038643267480142289}"
impulsive_transient_000000_clean,impulsive_transient,low,10000,1,10000,,0.290515660369095,0.291157841647527,702026,train,impulsive_transient_000000,signals/impulsive_transient_000000_clean.mat,"{""phase_rad"":2.2531207644615696,""amplitude_pu_rms"":1,""transient_amplitude_pu"":0.10510239237820995,""width_s"":0.00064218127843181409,""polarity"":1}"
notching_000000_clean,notching,low,10000,1,10000,,0.0,1.0,802026,train,notching_000000,signals/notching_000000_clean.mat,"{""phase_rad"":0.84137068781108937,""amplitude_pu_rms"":1,""notch_depth_pu"":0.12076758024052078,""notch_width_s"":0.0016837063137932406,""notches_per_cycle"":2}"
