window_start_s,window_end_s,decision_time_s,class_id,confidence,feature_time_s,classification_time_s,state
0,0.5,0.5,1,0.999999999999946,0.284119,0.426206,NORMAL
0.125,0.625,0.625,1,0.999999999999946,0.025762,0.175256,NORMAL
0.25,0.75,0.75,1,0.999999999999946,0.018066,0.170738,NORMAL
0.375,0.875,0.875,1,0.999999999999946,0.013955,0.190592,NORMAL
0.5,1,1,1,0.999999999999946,0.037309,0.179101,NORMAL
0.625,1.125,1.125,1,0.999999999999946,0.0169,0.198586,NORMAL
0.75,1.25,1.25,1,0.999999999999946,0.011181,0.165989,NORMAL
0.875,1.375,1.375,1,0.995836538534387,0.010636,0.16451,NORMAL
1,1.5,1.5,1,0.995836538534387,0.010715,0.163704,NORMAL
1.125,1.625,1.625,1,0.999999999999946,0.011771,0.174578,NORMAL
1.25,1.75,1.75,1,0.999999999999946,0.013522,0.217716,NORMAL
1.375,1.875,1.875,1,0.995836538534387,0.02309,0.208743,NORMAL
1.5,2,2,1,0.999999999999946,0.014762,0.240629,NORMAL
1.625,2.125,2.125,1,0.999999999999946,0.017557,0.211115,NORMAL
1.75,2.25,2.25,1,0.995836538534387,0.014611,0.167764,NORMAL
1.875,2.375,2.375,1,0.995836538534387,0.010877,0.168719,NORMAL
2,2.5,2.5,1,0.999999999999946,0.011577,0.166411,NORMAL
2.125,2.625,2.625,1,0.995836538534387,0.010516,0.162385,NORMAL
2.25,2.75,2.75,2,0.948642787881298,0.012637,0.16058,SUSPECTED
2.375,2.875,2.875,2,0.995836538534387,0.010684,0.161161,SUSPECTED
2.5,3,3,2,0.986124418021705,0.011465,0.275886,CONFIRMED
