relative_path,size_bytes,sha256
dataset_config.json,899,d895ef9f0fc3ad9f7909355acb0a1f9c200fcfa99114cd11a1dea187a095c851
metadata.csv,239204,5e3ae97df6d888c4f416fee770fd01029fcf2ddf5540f4fe06c6e85ca408a3aa
signals/flicker_000000_clean.mat,37081,63a345343b107681f0903510d207639d0e60568571da4a0035a011b104a88bde
signals/flicker_000000_snr0.mat,37950,cc0f5a760333dcf1d64ab49cff77f7c75c531fdce9724de31791bbe4c25ce56e
signals/flicker_000000_snr10.mat,37371,2392b67ef4631ff4f68d98e55f22412aa5ef04235e2d38d085ad34724188422c
signals/flicker_000000_snr20.mat,37180,42f076d22cbabd2917ae32f320af95654c4bfb204bf4410859f8ac6bc87063ba
signals/flicker_000000_snr30.mat,37145,62d7d39f3d984a1835f2152bebd261cc931ca699983c45af4dd53e5be342a1a8
signals/flicker_000000_snr5.mat,37701,87fa09ab93ac61d4dd0f934790f9131be7fb1b9e50db6a653f3ffacaa529764f
signals/flicker_000000_snrm5.mat,38007,31b622c61e256ebef55a51cbc377ee1da19becf1cf6da59f69c9f8ace996dd24
signals/flicker_000001_clean.mat,37095,a1d7f52bf5439eb37fbbe32886dabad425fb609082e149a076625c7a61c88606
signals/flicker_000001_snr0.mat,37959,377c7e4f9ec1ce9ebc28a902ca1a5b0fcd8c132b17e2d7fd4f645f05bedd1eed
signals/flicker_000001_snr10.mat,37369,b317ac765da198ceb3751b65132a5d6b49917668c0c668d1fa503bcce527d889
signals/flicker_000001_snr20.mat,37187,cb87ff4d21dd0d3f2b89da0ed2531dbddbc5be2b426a1cdefc4c01e219667a79
signals/flicker_000001_snr30.mat,37202,7da77bacd9d3089e8ed16be54d06202e5a66a9b27a4ab31aac6ee6c11def4362
signals/flicker_000001_snr5.mat,37715,daed650227139c4c96c591698aea454c0a3064daffd80f1a042bcd84caade7e6
signals/flicker_000001_snrm5.mat,38016,69fd14e99cb8ac7c07c02bf92f5faece060fa223d19d0d52b12d2afc45b4ce64
signals/flicker_000002_clean.mat,37122,db10537d5850ba8d7caff9b5f18c7ef3eb70ff272324d34754c53626877c82ac
signals/flicker_000002_snr0.mat,37987,41a00fd404abbaed77472f0640ee210408b0088398b56c386b39bc6e9931cfa7
signals/flicker_000002_snr10.mat,37416,6610c46070c56eff6aa61bbebc799e7cf5523da3d0165dcb547225ea95aaeb55
signals/flicker_000002_snr20.mat,37235,6d33d8d259775a65721cff9d4928ebf68ce499712401cdc145508395bcce41b2
signals/flicker_000002_snr30.mat,37211,5f45faaf3c0af0863b3abcddb15e60e08e975fd02d642b0c43fd9202d8e5e3be
signals/flicker_000002_snr5.mat,37721,4abd2d2037e1dada435d3c92a25330f409badccc340ced91766f4d045dd3aa2d
signals/flicker_000002_snrm5.mat,38010,72de39d1c125cda2b70568105a1f6f1a0eaea5f8db90df670ce0c6bab3d7ffeb
signals/flicker_000003_clean.mat,37189,0eebed0eb354810a9514da63d7995499c7b258ff4eec4af620521ceb11de7be9
signals/flicker_000003_snr0.mat,37951,d6417030595a50204f4356967f74eba5f62fe247301ef107b5a05f5970534f3b
signals/flicker_000003_snr10.mat,37421,57d9fc199ee483c8cd6fd208a5830e8eb549715b28a4521ee763f627adf55e37
signals/flicker_000003_snr20.mat,37244,4e8545ff45757afdd0e8501bc43bff7b4df056e5ae8127f9f5d7129a7821486d
signals/flicker_000003_snr30.mat,37221,795323406b2d303e26c00c637062b68bd1d32f189c488c843293a8f6d3124670
signals/flicker_000003_snr5.mat,37700,e3104d2b0854fa224e9184dcd93c66d394cc0d30b6f8f7d3d44608c37259738c
signals/flicker_000003_snrm5.mat,38033,7881755f168812dd91c9691c1411284187fe20a4d4e804d1f247ad51cf3e6e71
signals/flicker_000004_clean.mat,37062,025b569c645806de06e8380b65e73fee0c52aa5ef58198129546b16aaea8facc
signals/flicker_000004_snr0.mat,37932,2e30746d8e129deec087dd883cbc85a91d7a2ae30d80061012aa277fd18db85b
signals/flicker_000004_snr10.mat,37352,d7a7a39ec51ea67b95cf05ef3ce6ca126e9079c8ecd256fa8575d72c0d1705c5
signals/flicker_000004_snr20.mat,37161,071365183a5338babc95379f7fa840fa709926ee02c4da1360375395d29b8b63
signals/flicker_000004_snr30.mat,37162,77b5f632896dd9dd80d22524f0ea1b5b8f4a9ef7c67ff7f7c7a1c220939f1d83
signals/flicker_000004_snr5.mat,37660,4d5970ef26b8470b10e933184d8d074572f91daddc514a0bcdf1043a488a49b3
signals/flicker_000004_snrm5.mat,38004,e81cba63d94e1cc7c3067646148e81962a6f1c6b1785d57ce8f7dbb979b33470
signals/flicker_000005_clean.mat,37111,6bbd187e5d3aa663952779088be3cda337388b0cde2cca718968c6560af2ef46
signals/flicker_000005_snr0.mat,37910,67c5a395a5a3b2fab914e97fdb5654e09f8fffdbc0b120ffaddbd00324c93562
signals/flicker_000005_snr10.mat,37393,ea7720c1d4a1df8adf74bbf064d021c80f9126f5f60623f4736d8cb10d56581f
signals/flicker_000005_snr20.mat,37206,a0aaff2f720bd2638205c170945550a12579fbd4cd5188de291e4ec7cc295d56
signals/flicker_000005_snr30.mat,37228,7163cff5caff08c56a7874df905aade8dff90e82f533218cb921fb8a9766ebb3
signals/flicker_000005_snr5.mat,37683,74e5c0486e69d392e53ff858525c864275e482204e133e8c3387f0523420f281
signals/flicker_000005_snrm5.mat,37992,74c033228a6b96c20a776b298f6a6a86cfed7397d634ef10a259e907869d048a
signals/flicker_000006_clean.mat,37141,f4071fd13028696c04cfff495f1f2f01b9bc0ebd8ddb36afc9a96912a25bc8ff
signals/flicker_000006_snr0.mat,37897,e15fb3102a1dfcfcf8a5703f48d635fccf0bdeb2ae3284af06c7744e70375921
signals/flicker_000006_snr10.mat,37436,081d053a4ef18a57be6b46c11c5cae63ecde3465de8a2268a46c86c72964abe6
signals/flicker_000006_snr20.mat,37266,7337929e657e53ed6f179b2622c9372943119c1968e73bff4adc569b37dd769b
signals/flicker_000006_snr30.mat,37231,3aefcfe8344b625cbc53e50e2fae3966f7efa4c0c9f3364f991c5719ef60e9f2
signals/flicker_000006_snr5.mat,37720,fa80ef997dd8f23f4e5acbe5ca54470a14f407b621098652466d631c14548f62
signals/flicker_000006_snrm5.mat,37987,89b713409d9808b7dadf1e95e45578e3b1a995592421df185d1cc106373c63cb
signals/flicker_000007_clean.mat,37109,430c141e147e0c9863b3629c7ac9f23be913917ac9f2d9c2b40328ff7463ac01
signals/flicker_000007_snr0.mat,37909,28bb52f913d157c80ab2992018bdf3575041aa4f194977ada197e72f22ae1a1e
signals/flicker_000007_snr10.mat,37432,c0da522f28c91897a393b3a72132d094a0e8cb1d0a34e0b5d7edd736e4e23ee0
signals/flicker_000007_snr20.mat,37225,ca6273fa0e2e6cccd34f4936cc465fb0a751b50fa9300d8b4d8d5cf29f7530ce
signals/flicker_000007_snr30.mat,37223,7b02717c4e6b8defbab20529795dceecfd7d5c1aeb34a4a458a2bcb524e53dae
signals/flicker_000007_snr5.mat,37708,8f2dc3d3e55644602ef0b71b1cc5721da6d4e5d326856124ded1e1e8acc3e0bd
signals/flicker_000007_snrm5.mat,37991,fd66195d5e9ca1765c651fac98824e23d77a5456814d0d1782ce8f8e30fa599a
signals/flicker_000008_clean.mat,37068,3e92fcac781001546a8c70659f9004318444d852832b2d8fc2a2bcc4d11d5314
signals/flicker_000008_snr0.mat,37941,3a7d55461b2a326c9aa8468d5903833ce2da3061779d963381be47d6d9549372
signals/flicker_000008_snr10.mat,37392,597411b91762fa0941d9f01e258fff9b97e0f68b9b3d7ae603fbb612d3f53c2e
signals/flicker_000008_snr20.mat,37225,6e530fff14115d9716a4309a47d6c58afcb176c52fa443776f0812d7df58951a
signals/flicker_000008_snr30.mat,37204,79fdc979a227780811557084728b72153257c5447898580dd20ac0f41948fd17
signals/flicker_000008_snr5.mat,37692,6d548ec697dc50a99f3fba285957ffda1bb4660f7191e85af477ed65d97667bc
signals/flicker_000008_snrm5.mat,38027,f54d9bc8ecae0d0bcec2452a1af58a917b7502942966e8d07595b596ff79b280
signals/flicker_000009_clean.mat,37143,74f121ee6666ec0af3775f715330defb82ce1674b5a2807d53f7f66142254dff
signals/flicker_000009_snr0.mat,37911,ad2d02b4aaec74a6a9ee1de0c6bfc77f70ccaf822d178fe289e0d0c75a9b370d
signals/flicker_000009_snr10.mat,37372,8a1a25a2a1c61ce802b66a9efe15e7aefa276b7a0261342ee0cf7feb6259eee5
signals/flicker_000009_snr20.mat,37201,ad46a68bc34915f512a9f32c0a552bba58320ca23534e1b963642ffce38a09b7
signals/flicker_000009_snr30.mat,37181,637f1f92c3ec4f598aea063b4bf8759ebaef6896dd416026814b677bd2be5cf3
signals/flicker_000009_snr5.mat,37693,b8b630849eaa50e5b1d8f4f91638888ec437d704412928e8ba444de188f31105
signals/flicker_000009_snrm5.mat,38007,01d62daeb88cd8d2771cf312b316b35efcb8071dec96813c8de75eeea9ee6cdd
signals/harmonics_000000_clean.mat,8491,f6f270e174011ec27c9c2c7de0c4a74f74077dd7157f3a03fc93b51545136cab
signals/harmonics_000000_snr0.mat,38061,ec2b2b456eff8f5cf10a77a9bcc86692ee98d403b5422f68ee65e43c9f31587f
signals/harmonics_000000_snr10.mat,37454,6d94679c7a2a7673b0504c4e4c402abf3fc18d71143ff3fb614e576813fc46fd
signals/harmonics_000000_snr20.mat,37249,a8ceabe7c83b26aa75c3c11b56f9d3b7f484ac0a3113f9e3cde1d977e87945e7
signals/harmonics_000000_snr30.mat,37200,a49c7831cfbff748d06c1127e850d947b1a3aec7a6abd71259ed8e8ee751b382
signals/harmonics_000000_snr5.mat,37773,539cd0d3fe35bc1283f46b20a22d9b3dea2f479df40b448248db1c8ac53d0f7a
signals/harmonics_000000_snrm5.mat,38086,a4d9f813ecbbfc2d3ef7a4a03edd945d4789101a11f44cd9a4339fb8bfa4884b
signals/harmonics_000001_clean.mat,8470,c6b75618c8d19db41f055109ea69337f51f9c22ba75ab76f61dd54ff2e92fc7d
signals/harmonics_000001_snr0.mat,38035,cf18463e689c176d6f91ea4ccf0af5c4e3f16e951163477c4ad98127e2845a23
signals/harmonics_000001_snr10.mat,37515,c506a566705d4eb239b18281291b27cadc47e4fc470bc024babdb562158f8b4b
signals/harmonics_000001_snr20.mat,37310,e895f0a683cb33a9167e49520bbccc2174fd03fc4168fc51ecb3aa0abba038c9
signals/harmonics_000001_snr30.mat,37271,2fac714ca0adf6c7e9af6375c660d95b8a81304f25845dd1382a7a62b9f948b4
signals/harmonics_000001_snr5.mat,37817,c5f5683eadcc598f160f4fc4a7cd5f2ffcba446122abfb828195789de27f73fe
signals/harmonics_000001_snrm5.mat,38094,b12d96e65ac97de158e4500af5090635528c5c059e92bbe1777d1c497ea6cefe
signals/harmonics_000002_clean.mat,8366,41ecf5872ea3f1ca9c781a585f67256a6188a30883248eee479d80655e0ecd24
signals/harmonics_000002_snr0.mat,38061,6b8b99fd580cc816d7b134a2ed4c27c3b2e7710a98acc1b9d31b21e7773a22ea
signals/harmonics_000002_snr10.mat,37149,c18b4b77514d95de63c6d9b00e5ce5c7fb9f768dbaaa4a6be12701b695cd9cbf
signals/harmonics_000002_snr20.mat,36835,9eff84b9bf26a95a3b02e9b1ef28890447596fffe46f9a2eb2ea4c32e6acc797
signals/harmonics_000002_snr30.mat,36747,07da16d3797d4c1e4d9986ec4bdddda6eb8ef131803b58c08d95d400958e4b32
signals/harmonics_000002_snr5.mat,37683,2b9bb9f0a232fe3066bea93ff07a1e0fd211b80f714681b248b10f57f5ab8966
signals/harmonics_000002_snrm5.mat,38131,9e89771c5cfe2d812940e79f82bf5ce4e30d81fca34c0323f8511a66de149f39
signals/harmonics_000003_clean.mat,8420,92ac3fc87d4aaf646129d805a44090a67fd01ba3f8f3d7cc3e7a67c3bd55350d
signals/harmonics_000003_snr0.mat,38060,26448f33db121e10ad699a33bd7e53cbaae1469017021acbb644ae3b74c593a4
signals/harmonics_000003_snr10.mat,37224,6a6b3f45f4734d3a3d06c9a26deb293eaf99ad86eaf8029cf934a977a6eae20e
signals/harmonics_000003_snr20.mat,37013,effe3ce9444e398d6dff73b9f73bbe3a443d68ccc7917047d39f446cdb1e0f33
signals/harmonics_000003_snr30.mat,36904,093559730dc5107a78e0f41a2d82f50d0a06664931565de35e040fe3f60bc613
signals/harmonics_000003_snr5.mat,37737,51d50fa35ff10fcb47850a5a40654eea7de7466ea95332eff643a37cc284e969
signals/harmonics_000003_snrm5.mat,38107,1e80b92572a69efc55c1d5cbf60f29317cccaea32351e6baab4e04c514280e69
signals/harmonics_000004_clean.mat,8447,637ff75ff743813f5bd835859d92620a5425ba0af70402f7162aa1c15891a384
signals/harmonics_000004_snr0.mat,38064,d7ebd1e78cba769feeffa06cd306dac0998cb6b707d97df4eab78eda037d026e
signals/harmonics_000004_snr10.mat,37348,039a7d3c0cf92cbc0c8a9d04807ac9f8a4490c7aa020d2bd7ed76a4d657d7c54
signals/harmonics_000004_snr20.mat,37101,b02d62e11e5616031cfce36e4bf963fabfc1de90f13c408cc1ca288811eed55f
signals/harmonics_000004_snr30.mat,37143,ff8c9bf33364d3cf3dd0f3eed08759b39c961ee5fbb91ac1eceba3d9f23fe217
signals/harmonics_000004_snr5.mat,37725,1bbf9724aa44665555da118ee9c9b595fe0dfeaee34203f14bf78a8c9d623b7f
signals/harmonics_000004_snrm5.mat,38107,0d1a0d859046de14d7a7ac923080ddcf45f4858a13fbca535c8f15eeb03bf27a
signals/harmonics_000005_clean.mat,8480,8afa343bf1787d8412b4518b9665d704a7c3c5d3b2b47cb5d0b6ec5921c2812d
signals/harmonics_000005_snr0.mat,38039,08ffe614ae7512bb430f8fcb9fded3bdcb1d8da5fe5f6a92f04dd03c6d82aab5
signals/harmonics_000005_snr10.mat,37574,c03be0eee1738462bc24f6cd25af064adaa97461a888937e23e442e6880c555c
signals/harmonics_000005_snr20.mat,37415,52aa3eba834b38728e0b0ebbb00819b7f79454a3f74fb5e03d997e092e07d2b2
signals/harmonics_000005_snr30.mat,37335,47c8c0aa5bc38c2d2e4915f2af2a95a86c511e75d1ba2c7bb8635aec4c226881
signals/harmonics_000005_snr5.mat,37795,00aca0c37c7b79a1da01abd501637a1d776ada35b721da7381a2833703445b1d
signals/harmonics_000005_snrm5.mat,38124,73a26ae28b9275fede746c438bc4806537a09469232eb5c75f289bea2de16368
signals/harmonics_000006_clean.mat,8427,8d170a9da1ce0af11afa35a60969e820b2f976fb2b4e57ad2f58ecfa67d96906
signals/harmonics_000006_snr0.mat,38013,4998bdd32e944502394c4d13333f8112b5b41ac71669197490c09ffd5ef550f6
signals/harmonics_000006_snr10.mat,37264,0ffa1642d5c02c051e4eb95294a3d9e8676bc11f088a43e6d71aa5b30ea24a85
signals/harmonics_000006_snr20.mat,37068,2d658d5d64a4eaeb543d61f614a56b36c3302389e8fb7aad7b325b65a7118c15
signals/harmonics_000006_snr30.mat,36945,688d1a95bc930ed18f7a879dca6364442df40f2f5d327aa22e03b405ad808fad
signals/harmonics_000006_snr5.mat,37698,f36e3696b5427b41f06c6a89d31dec2ba2ee17d26642ed4dc92eb2ee415aea20
signals/harmonics_000006_snrm5.mat,38114,d14cf6d1015b17aaa45f8f8760028fc5887342698eb2670c38321d62b9f9b9f0
signals/harmonics_000007_clean.mat,8394,ad75205347e4a4e5d6016f3a21feac59c915b775d7c98adec7829bcc56a81fb7
signals/harmonics_000007_snr0.mat,38045,ed0d3e4604cd45b53de604d779dd47780354a8271a55d1bc1213ecf88b1e2a66
signals/harmonics_000007_snr10.mat,37329,ee6e981e48c7262248322eb4da6c989f5659b23003450aa8cd2d7bedb3b9603d
signals/harmonics_000007_snr20.mat,37033,a435a7eca9e0d13a8b0d01dd43b48e07bf64e4eb948c0d0c3d8b9124a8f63759
signals/harmonics_000007_snr30.mat,36870,5f8ca2e897f24113ac0f8a5b8a380a83c0fb9d3b6e41ec08836fd9c31f2252dc
signals/harmonics_000007_snr5.mat,37760,67a6fd2d48849d91f1cc6f388dd8c2c81ea3803995a281e4329527a17182eae3
signals/harmonics_000007_snrm5.mat,38102,d7901f57259173ca264b506076480ca452abfa32b0531fc5f10b32f4607960fe
signals/harmonics_000008_clean.mat,8459,397a2b20e05ba334b9702904445f78687bdca6bdf787aa15b1badf563518ce7a
signals/harmonics_000008_snr0.mat,38064,4c81dccc9d4756e7b3e3f14401f2f0feb6df2af7bbbb7a5e96550bc14fcccd27
signals/harmonics_000008_snr10.mat,37480,1d59a6163a5c79bd7a52c07bdbb6dc445490df85b9560b93f4c4b6cda1dc4cce
signals/harmonics_000008_snr20.mat,37291,151011bfc61aa9182592c6acf0e54400c8c33607b9022e348a4a663804890206
signals/harmonics_000008_snr30.mat,37250,d2bb4378e35da21001354987a613d3cbfe09d950e581210fd8bf74317461560a
signals/harmonics_000008_snr5.mat,37760,0db81d0878b4e532c003332ba7aa5f9a68baa910aaa820cae600e4b1e3e32562
signals/harmonics_000008_snrm5.mat,38104,759f1ba832f001ef95beec9e6d8ddbeaa6379c76855ba1e38e8ef7d86ac17176
signals/harmonics_000009_clean.mat,8520,c20099e0ac2c837c4cd0c6778b7d82080833876ce5e41a2a169c8f25f1b49b94
signals/harmonics_000009_snr0.mat,38074,49d2686c86ede00d412f5f46623de20fc628fb9aa99b1ac603dba5b06d9f57aa
signals/harmonics_000009_snr10.mat,37567,8357c750d16e35453c6674ad597d66cb1a3fe27071e848b0632431b734be6056
signals/harmonics_000009_snr20.mat,37424,936e4da5661557beb95ab86d48cf079a7b8dd8a29754178d9de7b7177695b687
signals/harmonics_000009_snr30.mat,37361,e5dfdc928e158c96ca0bfb6372756293f02f370891410c0b310d588a40fc4433
signals/harmonics_000009_snr5.mat,37810,b84ca4ef09f028a34e6724bb2217deabe2cb1b2e8dd422070b2c23fba185c65d
signals/harmonics_000009_snrm5.mat,38108,96f962d1ec0501cee0171ef567251ba077fe102eacb3a5b70c8b3d00bce95fff
signals/impulsive_transient_000000_clean.mat,8456,2351e366477b76daed1ee40bb5c31826d92837b980505614ce541d493181c76b
signals/impulsive_transient_000000_snr0.mat,37980,34bfa26aea25ff3465b4271c15af2d1b40791aa121bb08b40c7a442cb935b223
signals/impulsive_transient_000000_snr10.mat,37368,f98a9dc22478dd14595d3ac6dc30819a423d7f91e56a3d4a646d4155b7d2af6f
signals/impulsive_transient_000000_snr20.mat,37217,2d94b06e8b44b9f827c608f2ab2b9624025af65d1f82569a91fc1918401896f5
signals/impulsive_transient_000000_snr30.mat,37212,d40545026d13b562357c8262195efe722af8525fcef461f57c72809abd4aa151
signals/impulsive_transient_000000_snr5.mat,37698,04d4058ef77e89e924d4358f2d8f98d0dd210aeb5a2403e1d8ced54602c834a5
signals/impulsive_transient_000000_snrm5.mat,38059,0e22b22450fff98c7fd8cbf2fd79377f1b89fd4326065fb2dcf22fa4e6fce906
signals/impulsive_transient_000001_clean.mat,8433,f5021bcc96cd29e84855f902937f44e1099f47f824dfc38f2078c20bfd72a4b3
signals/impulsive_transient_000001_snr0.mat,37990,a64ec3c686cb4cf9d95421d46df1774f9914df12d4201adfd1c0221b6d9e2547
signals/impulsive_transient_000001_snr10.mat,37386,8a5f602cc2a75fd95467a97c0293adb4e27e4213b3f8335c2927e43c1ccdc9a9
signals/impulsive_transient_000001_snr20.mat,37183,595f192c5f83e3d9ff2321c64be695c9ae7d50b7bb10b0cda4565557abb219d5
signals/impulsive_transient_000001_snr30.mat,37222,beb3804764bfc8a6e92d615b528593a5c8eea9f9c70a011520fbd818fdd957bb
signals/impulsive_transient_000001_snr5.mat,37701,2e401dba0e0f4ed026c4be4e390ee245fc98581771564ef598713688e9299176
signals/impulsive_transient_000001_snrm5.mat,38081,b164ea19ca6fe8fd53363ed96895bd854b3753ef29ba2fe98b8b3440ef93587b
signals/impulsive_transient_000002_clean.mat,8460,b91e0d01bbeb5afdfebaa1f43eb245be763efe100eef79c9a93541c5f2fa43d7
signals/impulsive_transient_000002_snr0.mat,37957,b9909454c5d4fe4b68c1dde506864285b2bc87b3e459866eb05b58f948141e41
signals/impulsive_transient_000002_snr10.mat,37394,46f911afdb73db460a5062dc5ef497199c09c0194972878078d4ddbe387da86a
signals/impulsive_transient_000002_snr20.mat,37233,7fb8075a0c2dc748888746c23c3394d94734693858c062027c9065240391994b
signals/impulsive_transient_000002_snr30.mat,37235,75129cc1d78f02fdb5b4cd7e06e3130c77c87ae6e39426ef5be5d924798b1232
signals/impulsive_transient_000002_snr5.mat,37705,8233a7d092b592cd517ec5381d37ecd4f349089010bd021c67b18ac5515f891f
signals/impulsive_transient_000002_snrm5.mat,38025,2e3dba8e681f6e74df727b4adf4ccc4bed4815f4d629c9677729e9fe8894eb24
signals/impulsive_transient_000003_clean.mat,8402,a6d0b56fae66271bfd86ebbdf0995f846af598dc84bc0d05a63588c263386abc
signals/impulsive_transient_000003_snr0.mat,37970,7167050c9d0a9e139eb0041653e3ae44351ac5c3ba07f18649e4e5eb323c2f4b
signals/impulsive_transient_000003_snr10.mat,37404,c90a6024dfc2acdad26c59fbbcb286a877a5534545942fd7a5d0b55352c188ed
signals/impulsive_transient_000003_snr20.mat,37204,05eb7fb721f5e2ccea701dc6dd7aa4b9a97ef3465e6f820edb262f099e314f1d
signals/impulsive_transient_000003_snr30.mat,37208,0c951749cc4fb785e74d566202ca3e25d605aec8e465aef174bda310f9df46ee
signals/impulsive_transient_000003_snr5.mat,37715,478f61f0514d216541295d6edc0e60bf732c5ca2942462baf8a13d4ae5fbdf85
signals/impulsive_transient_000003_snrm5.mat,38067,a0186c0cf60a469d126b7cac6f12493425d31fa1c89d8a03212ec535ac857583
signals/impulsive_transient_000004_clean.mat,8439,7d997af928bf47f43001d168cd2fdf0a4cf21c7d5b91e381d69a2bedc2d5aba2
signals/impulsive_transient_000004_snr0.mat,37956,a9f166bc6bbb455f5447f652cdf877b519019a69fe6984373c27ce25f49f2ff2
signals/impulsive_transient_000004_snr10.mat,37364,5647c8c6d8535dce02f49123fa13765ba30f78b3d7a330d6349e99ec4565651b
signals/impulsive_transient_000004_snr20.mat,37193,3d29738f77559a0a181f2cbd99afb1ed34488131b3b1e17b428bdd9399f52663
signals/impulsive_transient_000004_snr30.mat,37196,81616ad089f2d4981cdffcd1ebf0310aa0291689b1a17cc4d0142a10158bd5ad
signals/impulsive_transient_000004_snr5.mat,37681,61ad2a4b5d1cbab238f5792fda7fa6e60453e3b55c21b3bbf044babf2f233d1a
signals/impulsive_transient_000004_snrm5.mat,38046,bf57482dfae52aa1915edc22cce521bbc92b302f3b95d3afcbc9862c982d0032
signals/impulsive_transient_000005_clean.mat,8445,ccac586e06b266290edbff41dc872a5d986287e24d4fb15996d549a9c3c1db43
signals/impulsive_transient_000005_snr0.mat,37991,7e01965be0f40a99e96c7f0e4d692956f7779dcc2b216cb2870733079f4dfe5b
signals/impulsive_transient_000005_snr10.mat,37342,2c92cb15ed93c8dad464523bb371dc25bab83aac2790918860ab65cc4cf53ac7
signals/impulsive_transient_000005_snr20.mat,37199,ab56000f819463dab7b774591359747484f6bbdc4552bcc1afd9e11ec72e0865
signals/impulsive_transient_000005_snr30.mat,37194,766aa51a4e34797da98f4b2b14e2c5785463e7022834df9ff80193a26322a7d9
signals/impulsive_transient_000005_snr5.mat,37716,81ad4a09c90966f359680a729f1f331dec48e8b0e01eac48b797ecba4513aa62
signals/impulsive_transient_000005_snrm5.mat,38022,50fba4931726c335682244a7deb244d2ccc21db7157af6d09a0657bac0a7146a
signals/impulsive_transient_000006_clean.mat,8497,078f0275e9d67222680147ec60f89087565e86b9c3c4c00234f725a539d9c23c
signals/impulsive_transient_000006_snr0.mat,37961,c31654f449020238f1a805b663718d0abd228f1c7b3ad4759191c97bd5c1444a
signals/impulsive_transient_000006_snr10.mat,37380,e68bff6be495f6cc28a3c52d0296adfd5cbed815ad8c751dff0dc6f392e0ac81
signals/impulsive_transient_000006_snr20.mat,37205,b260147ebf9d39b845dbd2abf9c9e64c882f601021f24bc14cd4faf126884506
signals/impulsive_transient_000006_snr30.mat,37193,55f7a034dce88dea7d0a3622edd18989ada6c141736e82099a0c4367b818f676
signals/impulsive_transient_000006_snr5.mat,37675,0e54e3be800e4e8f5a8d034859a3e7864e2fc456db23b38457adeaee08f3639f
signals/impulsive_transient_000006_snrm5.mat,38061,0138908379b9adc9a41d23062724c26ce51eb334e73cd9a5bbb2f2f8f4d18088
signals/impulsive_transient_000007_clean.mat,8446,b5fedf2164ef252f5a7e87361cc2ce9518508f92097ef4db0e3d199bcfc14394
signals/impulsive_transient_000007_snr0.mat,37980,82052d4fe9b622f3592abf535a24e7c3f1f4a2bb2e965b6c7045eabc6908e605
signals/impulsive_transient_000007_snr10.mat,37399,a75ba89c34405562e0802cd6b86bbefbdf5a2a31b9624094c298b5fa09189321
signals/impulsive_transient_000007_snr20.mat,37214,5a679ef5005103c20d72558d206e7a2572c8d7003d74540cf16db56096cad179
signals/impulsive_transient_000007_snr30.mat,37217,f2411e29637aa92b3e7b10b3290f3b973ebaa9eb0cc275df650a61d6ed383e0e
signals/impulsive_transient_000007_snr5.mat,37687,87ebe9bd7ff23c858ff98d221670aeb00e586d6633349cfba1e1615a6c594b23
signals/impulsive_transient_000007_snrm5.mat,38064,0910d35a451af480f6792384e2c5d1d2083feed19ecfd508c3dd5ad90a6c5056
signals/impulsive_transient_000008_clean.mat,8486,c0ec7e403e1f83e0be7aa10a4cc733d162fbdd2fe1ad6885b7d95c7f5f9b4ec1
signals/impulsive_transient_000008_snr0.mat,38003,0cff38f7d82798036c3563671f7337669ce71e8846a55884dde4743139aa2d5c
signals/impulsive_transient_000008_snr10.mat,37376,8d779ad887452bdf4e1e278d1bd21c350327f9c289d375cd54d3ef6692080b82
signals/impulsive_transient_000008_snr20.mat,37210,d4e27ebee7a0265b35b9bd8bd3414dda1737e50e01b869df7537b8e9bac6d94b
signals/impulsive_transient_000008_snr30.mat,37189,8a89a0d248a1a9a0e370bdec68042a762da4ca4d2f97297779c065cd37edc86e
signals/impulsive_transient_000008_snr5.mat,37679,c719b29ad05af252d0768224f490d8240c737c14e77b8e32480af169ea006ea0
signals/impulsive_transient_000008_snrm5.mat,38058,b4c4a3c0fc608b419951218f63802e47c7228bc36341b4f7e90d51fea9c01496
signals/impulsive_transient_000009_clean.mat,8449,f037e5bb8fea558ce8959415c4e9894f2433aa7e64a8755261416e2a3d635e7e
signals/impulsive_transient_000009_snr0.mat,37931,1d1445cbe0d6edc5738dbaec9c9496bacaf67daf13c51223559ab98dfc466b79
signals/impulsive_transient_000009_snr10.mat,37364,6631018e18474ec34610cbab4823f9265e09bbf655a192895cc51d538ebbe906
signals/impulsive_transient_000009_snr20.mat,37198,1c791ac899616cf299e6f1ac44e558915a742260ec3d63571a0c2c950a51816e
signals/impulsive_transient_000009_snr30.mat,37208,e9b94c468e8f1fa356ba3fcd474d6b0c2462c8b2ee9b51f917e2450b6561dad3
signals/impulsive_transient_000009_snr5.mat,37715,994bdfb0ff8e5cb50a04910a51aefa4ecf7654e2c4cf421b03e95205ef63195b
signals/impulsive_transient_000009_snrm5.mat,38029,fe3118d6b7d51d9e2c9eb592f53c26697c6a44570e7d71f7b3a65fc03653d061
signals/interruption_000000_clean.mat,10642,0dabe681bdda284f1deeaca7807ab10db3f7f3ff53629d4cc760bf4465408edd
signals/interruption_000000_snr0.mat,37925,2024b02320ba13b5cc2856f8c5f2f7fe41445c17ddafcd5d666f5013cb70a615
signals/interruption_000000_snr10.mat,37440,aec29aee58103f0e1137967771018af9a8870fff782bb008b4a155a0751d1dd2
signals/interruption_000000_snr20.mat,37375,7267a73e759f2c19d09781e5e0e9d1a0be64b64dcdc93173944ebebd21faf4e2
signals/interruption_000000_snr30.mat,37423,321de6febe4328ea63268000fc657d385ff92eaa8c57d180756ec31d496c7cf7
signals/interruption_000000_snr5.mat,37687,788cf14b8ed2707a22273fa43b35c42783b2593fa42ca39ea6f6f2855f463e9c
signals/interruption_000000_snrm5.mat,38028,d47f795be3cdb76d5e74dcc22410dcc253917dc6560b72e4e3d47bb67a28b089
signals/interruption_000001_clean.mat,9923,03467fd7067b5bbd9c1e37b5d81c9adaba110af24e40f82cde118c582cd738bc
signals/interruption_000001_snr0.mat,37924,17be94d64ba4d3488a85c240472cda72d38907b29b5ab520889934c92fa52465
signals/interruption_000001_snr10.mat,37403,f769aba3a8aad52914360c484ae9faff2c19d3adad391590775c64e3e6c7f5ee
signals/interruption_000001_snr20.mat,37321,31d8ad8f80c1509c3370b2075d0862289d3bd6d2248141c1502b5c000b142a47
signals/interruption_000001_snr30.mat,37342,df0de5a8e6c33336c64320d9177b0f2fd21587de67c30b5dca202802f92de99a
signals/interruption_000001_snr5.mat,37661,2922d3a99d28e2f76cabf90b0c3b4be1084cc2bd00a3ae8fcb9e746cbf75e557
signals/interruption_000001_snrm5.mat,38031,9273e7646c152396bb7604b32a6fd618605ed418824918e653d5e96858f1ba8c
signals/interruption_000002_clean.mat,9892,cee9afb7353c9cf80ff989ebe770b913896aea9b481dd4081f1a3667c118b84b
signals/interruption_000002_snr0.mat,37943,ee5d486e6409664e6b1b364c06c957fa7b5e7b47fc31402f6b787e49d13d391d
signals/interruption_000002_snr10.mat,37417,7d2b90816e9741070ea5ade019f8cd33e95ab88c1aa1afbd4eb37bd6bff1cc88
signals/interruption_000002_snr20.mat,37340,f4aebb9543d8ac10bf475848145f94fff51140339e6f55612ae49afc576c6eb0
signals/interruption_000002_snr30.mat,37350,7338a589567dba870e3d90234b7e6ca6b465b2b9855aaf9c22cc5b6814e08763
signals/interruption_000002_snr5.mat,37685,d0e2f4faeb84b4fb003c8341ba754f57e2372d8347c13f94d60ed52df2a792bb
signals/interruption_000002_snrm5.mat,38052,beb05d88cc0e136d8315177f117567e48bf548ce2c33ab1f08d01c1b2cc138bb
signals/interruption_000003_clean.mat,10130,e34efeb618a481151512a3db122704b7779dd1e8ac515730be5bdeaadebf1051
signals/interruption_000003_snr0.mat,37916,18106b1777bca1e571870ee95f29e17abc082a9b57263350094a2fbd8d1eaa1a
signals/interruption_000003_snr10.mat,37467,8796ab3b29e73095e64acd133710bc088f2d22cd3be9a386972cfc855180ee92
signals/interruption_000003_snr20.mat,37405,d6296333cc0f413180f292c20c06f3c2b0315d099873f5df370d0ac7d0e8241e
signals/interruption_000003_snr30.mat,37448,b9e0ad90a722ca6f04a8f4029e3f5573b488ca9b5471b1778f57764d2dd10fac
signals/interruption_000003_snr5.mat,37685,e10174244d7097467f3a9dc37557802e52191e7a9d4bfa5b63dcdad09ce1a379
signals/interruption_000003_snrm5.mat,37995,50434ce8833c94e91dca934784a464e33915a1b6776ec63d168afc3bb2d303c2
signals/interruption_000004_clean.mat,9875,efea1fbc8bda719d46e4c3b8757356ff68d475c33433b89b4a87cbe17f91e455
signals/interruption_000004_snr0.mat,37914,d79011ca163754ff67c012ab011a86bbf7cf09d2b893117834f50f8bb37f409b
signals/interruption_000004_snr10.mat,37447,e385e1305b076d642faf73346e6e235856665ef3d825448b66413185c66c1b78
signals/interruption_000004_snr20.mat,37347,a78388a2ddfca1cec2f351d97058c92f180fee9072b8495e0f543956a0879784
signals/interruption_000004_snr30.mat,37358,504ebb78117d38d16ffe1e303d8e86e5742446409f32be98c9e533b82376a38b
signals/interruption_000004_snr5.mat,37715,729748ec32cda22acd9ab582c3fdf71ab077e44f9c4c492d83817500ff1aac7e
signals/interruption_000004_snrm5.mat,38021,186466995891d1da30ffbac3ef630f6a588c9289c4ce6283feea1765af576229
signals/interruption_000005_clean.mat,9867,43a873dc8b127756b514bdeaa650abdb86b1d0cc632ba878efb03a460c70bbe4
signals/interruption_000005_snr0.mat,37920,7817e1183ae334e047e7d35ec52f47b84513abfb00fa2d98a567a409e3b0c885
signals/interruption_000005_snr10.mat,37477,fd75a756fb19a725212a2220b7b061f0110c95fdebbd3be562d111fc19647517
signals/interruption_000005_snr20.mat,37444,b50ac1591f1d4e05d28ad51371d59fb1d8af7795fdc3edd5b841fc4e47758113
signals/interruption_000005_snr30.mat,37412,8bdb03b239f0c5e05466fc8e375cf6b13bd98eeba8e4eceb21dac02d3c2efa4e
signals/interruption_000005_snr5.mat,37701,6986ec5679c4a0759a77301095b499e4e420a337e4fbdeb576dcafc9a484d962
signals/interruption_000005_snrm5.mat,38017,3cdb4bb4ade79544ee13f4516f5553662a3e66eea9e649d6cf5d2fdfc2e84664
signals/interruption_000006_clean.mat,11008,c78de6e1e2b7edaa69aed042bf3a2d280502d72cc08a37105b033344921e81d1
signals/interruption_000006_snr0.mat,37923,7c02afba31a3d597d07cfd24c973cb77df16ccfd3901979848a8174fca1ef29e
signals/interruption_000006_snr10.mat,37503,9995a8e1044741aacdf36347e939b56b0c0f00ac6570dfb7e7a52cb2c3e8ab4e
signals/interruption_000006_snr20.mat,37443,eef4d6e9b9a8c18093e882af037dd7a40903199a3e6bae94a2785b1d3ce4fad4
signals/interruption_000006_snr30.mat,37485,55fdf3fce0a6a2539bb580f9c7160ebb93da875f0c4914e7ce1739a0d1578325
signals/interruption_000006_snr5.mat,37717,2169342909584b6fc7cf9425f0f2395574fdf5984a1a66e21111e3ecfca03227
signals/interruption_000006_snrm5.mat,38017,414179b6d1a59fe5f50f2e28ef7f1dc4b41fff07289cd5106068ecdddc19a3b5
signals/interruption_000007_clean.mat,9883,4deff81c4fd55462ec7569b76bb487934bdab9ba53e1a854a4889f07498a3917
signals/interruption_000007_snr0.mat,37885,e2132b8ed85947729fc8aa463a57de1bdf5005304462c02db7c26a425d789740
signals/interruption_000007_snr10.mat,37468,b862caad2b477842aa9ad69632752bcdbb53591c6eb25d42f125522a298faef5
signals/interruption_000007_snr20.mat,37349,415bbd84ccd6836f54effce73c4ddecb975d48c2d2582e6e157bc465671ae1a8
signals/interruption_000007_snr30.mat,37393,e2d1b76fa4b9e18db7b676b9705cd8ca01ebf9bfa3dc9cf8341a873ea6939a2c
signals/interruption_000007_snr5.mat,37716,efcb3b05afe52f0e7e1cf2fc2cd7e410d21023870f9fb02f934152d97be971ab
signals/interruption_000007_snrm5.mat,38026,4e21ef8a1056109c9741833b0216b125df1fb5247a8c7d469f11227e18cbbe44
signals/interruption_000008_clean.mat,9950,181a316996718d1ca95baebe102918e92fdf3c8aea444c9c25ec13a4b9ced40a
signals/interruption_000008_snr0.mat,37910,2947ac86721d39ac699b617c89b025ed7a0b61cd7b730c04138dfd76d48d2576
signals/interruption_000008_snr10.mat,37416,f2396faa687d97b1577a3dd9608173548515744ed72f4d6fe11c881cb55b532a
signals/interruption_000008_snr20.mat,37304,0faefa603acf97e89a5a569fb1a13a3348979d8a675d2b26d9fd8be6a381d782
signals/interruption_000008_snr30.mat,37386,7d16ab13e8196951db5ea79550ab834faa7e3f5d7e5754d83b6df63878792f34
signals/interruption_000008_snr5.mat,37655,47ba417c5e6af11f5cf8e70a830413bc20cdf3df2eb19dc7b16ee3d594e94a8a
signals/interruption_000008_snrm5.mat,38003,25470e8ad250580adead3cfb87dfd1a8817bb9dd2b12b32d3622ad44b21b03a6
signals/interruption_000009_clean.mat,10208,182ea6f125e93fac7c0a7d0ab0fdd6bfd0b5bba849650e11b0de5989f6707165
signals/interruption_000009_snr0.mat,37906,bd8f08a11b0cbd6ddebf8830b214f43f8b367acc9b99e88994e0422be37d681b
signals/interruption_000009_snr10.mat,37494,a591db59001347476fcd62b4addfbd7b56e85eb83efba5d5a5b9ee2b082f9d25
signals/interruption_000009_snr20.mat,37422,542160c6799fe1abc5d14c959464835965afed55bb5a0f3eb35c7a9710cbe1a6
signals/interruption_000009_snr30.mat,37435,d89676a1cf1d5d6a68a9ea1c11bf44e4061bae686263742268d82475cdd452b3
signals/interruption_000009_snr5.mat,37720,e8ce70c4b8d78cf5cd19c06d78eea021fa997e2accd592cc2c4919652a2f9d12
signals/interruption_000009_snrm5.mat,38027,7f5cce8852e4aa1ecf5a72d1c53cb3147eecb4a098e57fea81f2be0518825587
signals/normal_000000_clean.mat,8300,d53b4262f081370d5619047888992349b68ec28497064747ee46c3c10b218ed3
signals/normal_000000_snr0.mat,37907,ec504f81660f9db807403fee9156cbf013edc565a0d5b09df3626f64c872ba68
signals/normal_000000_snr10.mat,37265,982e0222e7bc55e335952ad7eb446a39fb4252aa9b7118fd78bbc1a1f768a6a0
signals/normal_000000_snr20.mat,37102,1bed1e40eef40f2b17774319d2e355f9bc8a17d4d8b400fd725d05498756bab2
signals/normal_000000_snr30.mat,37115,8c8509c63cf351748191ece5236ced4affaebf25ae1b1192987917fc6801799f
signals/normal_000000_snr5.mat,37594,ee9356a998fd07b11e077e474ff3b8593c89b6659bd9bcbd3a993842859f2599
signals/normal_000000_snrm5.mat,37956,1ef59cb67e550093b6e83ca9e7fd40eab89f78119b6000baaa44932cb3d1686d
signals/normal_000001_clean.mat,8307,e20f9a3c303abeed6a3c56d7bfefeabd72831a355ee4487249fdb5a5fb6acf73
signals/normal_000001_snr0.mat,37887,ab78575c57080f0306e0e75a8ee66a0889b10d85d3e30f95472d405851c9e522
signals/normal_000001_snr10.mat,37302,673d73f0bc6e3901ae4d2fdf9a370e0ae92bbfcf94349baee2c52a4ad276c927
signals/normal_000001_snr20.mat,37110,2c57363c9341c015e6899ce9f9dc5a05b81a903c93d5217f85abbf59422e2b84
signals/normal_000001_snr30.mat,37108,2fed94a6ec692e219867997c7709bcb39d1178c327e0680c3c1d6676993c609f
signals/normal_000001_snr5.mat,37607,33cebcc5464ab78d737903307ca477f94e46f3bd0b949738a87a17b8421c453d
signals/normal_000001_snrm5.mat,37922,acca1bdc13a00ab8705c9f6aa1765815e958255428ab9888acb84e9db4fabc46
signals/normal_000002_clean.mat,8296,6f32caa3ee99841b691f9d4f92f5e31df81a6185b8f4d133c5242fd1b1fe4f7c
signals/normal_000002_snr0.mat,37897,3cde97a55feb43a86cb3c8e8dc3df583cf177325f87858f43c8904bdd9559f35
signals/normal_000002_snr10.mat,37286,206044c8846908922158c5e1fc966d5901c2e090714a1dda920ae71999b6180c
signals/normal_000002_snr20.mat,37095,f26abdaffdabaa330efac3ec209f918b8d0acd7cc4d1c952181e0eaa1acb7338
signals/normal_000002_snr30.mat,37091,aca8c219b8c0df067c286bd03edad69a89ee02e1f4274efeb7226e0adf89e78d
signals/normal_000002_snr5.mat,37640,585008aaf68643df6266e5567cb80b01c7024c6f25faa97997505918372035b6
signals/normal_000002_snrm5.mat,37934,5a8788e5d06623f8621617d1f4bcf0e779344b4cb420f6ca2820b43a3a19eeff
signals/normal_000003_clean.mat,8332,f10b31ebd20006cb7ec4de1dd3a68a7d122393253fd0ef8926bb11d751f987b2
signals/normal_000003_snr0.mat,37873,e3fabc96e02723b93fac6dca64c756b194d2766a33de76f629758972ae7bbeb0
signals/normal_000003_snr10.mat,37267,6c2ba92c2415468532f8abcaec80a3098eaf04f10dbb34b6aac12b14b3490a63
signals/normal_000003_snr20.mat,37121,a74b59c454b71867d6e3ba7f791aabdd8975a70b83e8190bb134af174b54fb6b
signals/normal_000003_snr30.mat,37102,f11107bbbddc0251320f8fd9b11d40859385ad84ebf06e04cfff9df65db0af5c
signals/normal_000003_snr5.mat,37586,611825bed7ef5f206f817415340dc8d5f68c21d6d7f520f87174c00e4a452328
signals/normal_000003_snrm5.mat,37950,7d5bca8d853a5df66293fa84d3a760ff038bcf1f773a6e8e36c27cf2c9146d4e
signals/normal_000004_clean.mat,8303,995dad9d88e707f0870cabe7faf37950c1be97985a59704afa2e7e1d6d039d7c
signals/normal_000004_snr0.mat,37859,2bbff9a703ee71fd73ab6df072bdd54091690f67cf442cc1e7ec0392b28ed06e
signals/normal_000004_snr10.mat,37246,c8dfc2ad6fa5deca890b7cba9cfa88ce828f88e114c2e3897136384f21485ca7
signals/normal_000004_snr20.mat,37097,c84cb51090ddad31cc4151ec3f3b46eddfc65340acf459bfa23dc906313ad44a
signals/normal_000004_snr30.mat,37090,5859cfb6ccd0d4385725b7b0e47a21ca01fa2cf1b9eb477e331af620d7af7a69
signals/normal_000004_snr5.mat,37591,f7275a78adb3f07de917004f57d7d66faaabdb5157a0006324615239d2e0b33f
signals/normal_000004_snrm5.mat,37937,ce3349ff7ccb8e5edae9c8c6e7c1615bcfb023e15d41425884183b5c53a3fd20
signals/normal_000005_clean.mat,8291,1db5447b3bf6fc9834176cc294f69a69e23e0a542978200094496cb6837bdaee
signals/normal_000005_snr0.mat,37862,5da98aa6bf7be3eb422e41f63c91b7c27a90a5c4d974113146ed8c29972d19a7
signals/normal_000005_snr10.mat,37278,c399834e598b8d8b57cc8b587379abf94092f17f622ca37b7668fc226513438d
signals/normal_000005_snr20.mat,37094,ae967b83d1a1fae3b26bf161f4dfa09f5bfbf6c4ddbe059cbd1b72c763a7f39f
signals/normal_000005_snr30.mat,37112,6b137532e4d248bd1be80f07af88dc4ad7242175f28e04d53667b2f18db33dd0
signals/normal_000005_snr5.mat,37597,fe5f6db27ad1d3b138fa0f40764b21d9995f064f50961b0577a7789f576ebf26
signals/normal_000005_snrm5.mat,37930,2fb8a1ce1d80f38c68c894ada3c994bb36f9f49f62a26dc1666728b2501efc91
signals/normal_000006_clean.mat,8271,f22c8da9491d08e785cc81db1690b826d42e94fff7ae428a7231af42049d05bc
signals/normal_000006_snr0.mat,37864,7f4f4b7c29037600066eba66676b94d9d90ed26328bef090d6f85feda4b646a2
signals/normal_000006_snr10.mat,37262,148ca78de9ff0440880ca834a75345eae7e1cf1136d6db1f71fa9f6ac2377109
signals/normal_000006_snr20.mat,37069,4e344876179ae931719b787f8c4e73b8046237798122002e844fa772d9e18ec7
signals/normal_000006_snr30.mat,37099,c135bffdeaf3249b02a0f7606cdf95bb3bc219c2e0472d8e1834a20bebdeb725
signals/normal_000006_snr5.mat,37573,17ed71e4067348863d8d0b001537f70a45c0e90621a8cb087106d0b3d9c81478
signals/normal_000006_snrm5.mat,37934,499d7d8dc5fdea550a989e8e8f6f282865f21fa5024f1738573ad1bfbf9d44a6
signals/normal_000007_clean.mat,8274,1f89f227e507aeb6d8f894bdde80dabd1e0bae87910cbc44bc17ceeab8050333
signals/normal_000007_snr0.mat,37848,953158e5133436dce8036acdc257b2eed4dbac6501fca41819b2fcf4e2640e75
signals/normal_000007_snr10.mat,37267,8bb923f36e64dce3d61b7fd68a6ed67956b2cee22496da9a6786a49d70a8b0c1
signals/normal_000007_snr20.mat,37081,4c1a830a7893e0e7916f40019d7f667f22242715541396ed813409e12161797c
signals/normal_000007_snr30.mat,37126,67a3b363b5efb284931e9f4374d1df14f1945cafd2f45e522ab5d6ebfe9e5a7d
signals/normal_000007_snr5.mat,37616,0d2287b861dede726d326cdbee4202d543e50bc71a96cc8e94c63d3e9b79d3e3
signals/normal_000007_snrm5.mat,37942,8917a47dfcfcbbbf646e05ec494f9b161f1d06b2d025f62c79e896d5c228d08d
signals/normal_000008_clean.mat,8334,170306623209f4389ca8bd45a8cd640eeccc13bd9698589f39e64eb20023a6b4
signals/normal_000008_snr0.mat,37878,bf7382dd46ff4639b0ae7d392525c3a1f2a02374214955bcc9bb12fcedf39a75
signals/normal_000008_snr10.mat,37307,0a814e06457e68a62bf4274ce051921415207909b83473dda91631b7fb6e022f
signals/normal_000008_snr20.mat,37084,a7fae5d19e5a3a2dd943a620d6c0cddbee541ac507e70b6722a34f770b41b380
signals/normal_000008_snr30.mat,37108,04bf41990d85c8a85c73c1a78fb7a3c5c51877cc9d0f79a34aae197a129756bc
signals/normal_000008_snr5.mat,37611,bc7892248b8f80c16b5c4f98b8129ba1b140df199b063b36ae644ab7694a9ddb
signals/normal_000008_snrm5.mat,37946,4518a11ca4356c0d04b574a18e9c652fa3adf4c403df30fcfaaeec84d5d0d4fb
signals/normal_000009_clean.mat,8321,1c42087c94d657c3fd5fba6a1264d306b07bf143ca2b194dbda119c4bf8ae49d
signals/normal_000009_snr0.mat,37897,0e9f3b5d45fe6afa5d5935ba5fa53ad5fb5f9e7adda9aa34adf661d31c230ab2
signals/normal_000009_snr10.mat,37268,1ed8a036e06f078477177e09bd08513bff7ba4c9030dbb8503a1a2c0b95b41e4
signals/normal_000009_snr20.mat,37078,623049ecd1dbb5896b942f80d6b8780784b09d3e0ac2d4d1bbf5a3e63cd06112
signals/normal_000009_snr30.mat,37095,67300ddc4c323696c019a5071a6d3d79ab4828ca7c8ce110759ebb22b12abc49
signals/normal_000009_snr5.mat,37613,00e04e1ba7b22a63c10ca96ce6389a5fcde2fb607d79659bd37b26a005799489
signals/normal_000009_snrm5.mat,37982,44daf78fde60707d2a9a6908e84ca2cec28549e7c9a990407b41e75d68d17315
signals/notching_000000_clean.mat,8403,23ce112118b28db5f2c3dd68948ab07d32c1ed2b201bc5a9cd2869f45e85f24c
signals/notching_000000_snr0.mat,37953,5458eda812e34894042e1fb7b4a266fa52e02924c91ae4392ad1b25317dacdcd
signals/notching_000000_snr10.mat,37322,5480bf0b07a6f9de7de349cac37da4adff7add3937c38293bb78b3339eaffe0e
signals/notching_000000_snr20.mat,37155,1159079d826b548b94a0497e3dc338f2c6c9d691a35b4dc56c105bc853fb28be
signals/notching_000000_snr30.mat,37113,d4217d5449bbcf31508cdde442c2a27474b5abf8250fc5ff946d364e8aa6e971
signals/notching_000000_snr5.mat,37641,d9e43267d42bbf09ea92af0fd43c8199d5c6089e20e0451800e5b38f425247ae
signals/notching_000000_snrm5.mat,38012,b44ab73f65889c489eebedb660b36a38ab5fc150c8df5ed5cf1fe6516acb3251
signals/notching_000001_clean.mat,8456,9c9ce034b112c061d9dc2890fee17ccaba74f8b0a497b7fcdc969f39cb930760
signals/notching_000001_snr0.mat,37928,95efc37b51015f26b822843220a2ace4d07cd757affc5c4f5475d6eef8c2cc09
signals/notching_000001_snr10.mat,37431,5259dc35f7457510de02a1390d223eccaa291287937b8f2bb2ecbcbcef80e02d
signals/notching_000001_snr20.mat,37303,15b3c99ed848dd5bcf89559ae165ca734d51789cc87ba24b341f232696b52e5d
signals/notching_000001_snr30.mat,37296,d1437585f7d4a6e3468dc71bc66834466c7280efdf3be876980a9e052d93e163
signals/notching_000001_snr5.mat,37689,25bb8bf68e254ad1175a240348d101dd380da06f8889fa3d12a532198e8c1f92
signals/notching_000001_snrm5.mat,38028,ec08fc8c4df43da453700040f51b6542f284db6d59f92e2f08bee4fa271e1090
signals/notching_000002_clean.mat,8434,ee4065f7eb91ea30ae1181b3d79123ddba341589fc75eeaa2ae7082467ba6ee8
signals/notching_000002_snr0.mat,37904,73e3a5b5136e098cd8c3d9a111462b6162dcb76e9bce9dec82d242ef76639500
signals/notching_000002_snr10.mat,37342,b5528359df8695a913160ccb57207906e4cbf7e4291ff25389a170f4a74c216c
signals/notching_000002_snr20.mat,37232,a099b98b37609e70740a57162731c6e923cd49ed01760194205babbf59128170
signals/notching_000002_snr30.mat,37225,b2bd0af6fd0dc133acffa0f2fb9905eef4eda2dbf4d4d3418c3600fb089cd290
signals/notching_000002_snr5.mat,37632,bff348a6dff35feac9d7c81905413b461b7bb3e137b35ee9d161e3c87bf71442
signals/notching_000002_snrm5.mat,38043,4ffe4d1cdfeb58fde02bdf6b91f56b00c8f24f4a53e89a22b0ad9938b8a28997
signals/notching_000003_clean.mat,8527,3fe65f981b37dad7475c4400e9a26015d899a1545bb8db4f5a0ce077461b1573
signals/notching_000003_snr0.mat,37927,840fa270c0bc23cd4a410c5df2b61b6fcd676255b497f84ab04dfe53e59ff457
signals/notching_000003_snr10.mat,37525,54cf07d0ba1196468bb8b630fa9a017613388b484a277df6bd3e658f3ff6f0cb
signals/notching_000003_snr20.mat,37433,8a499f6d71e1c2026dbfff63a5903adbace2bff5ac9eb77b6b0f3de01218db14
signals/notching_000003_snr30.mat,37372,b4144fea03392ed2aab8a9f2a99a5b0f2a5c46e49acc8ed421ee4de396e3a171
signals/notching_000003_snr5.mat,37713,27e0b10c9f95cfc119244ca0476bb50d80d8c158b99db06387b36edcb35b129d
signals/notching_000003_snrm5.mat,38018,8c1cfe7ff61f87e07ba2f7555fa754aa45ffc0e174df69579e6b9babf9242ba4
signals/notching_000004_clean.mat,8437,362c58abad184c791c0195068128a13e0ed8f972b26db3169a2c6700403811fb
signals/notching_000004_snr0.mat,37955,a6cef23f3727ffcc78634a46a7b046681be94e0650cee681d269e6162ba68f14
signals/notching_000004_snr10.mat,37382,a3fd3da1b2dd1f1ada160f78a7991b7a16e7b62cd7c366a8e4a64fd951d24663
signals/notching_000004_snr20.mat,37209,0e9f18e1905730c0928b40daaf70094eee12860ac253e5b5d45cb6027bbef4d5
signals/notching_000004_snr30.mat,37161,50b225b31440e484b1cc771b23863841934e76ca6f2b75cbf43a2ea344ae6c8e
signals/notching_000004_snr5.mat,37669,906ddaff79a3dd109aa16ee5a1a232b2aaf2ee7e8d06e62a6a5a2a0c234b32fb
signals/notching_000004_snrm5.mat,38012,dcc9a318a13ed0eb945604a8cba9671fa292212fdab2e5493e4a01a1abb3eefa
signals/notching_000005_clean.mat,8426,4130552ae1113d8530f2dce7045404f6a0e9f490c10228b1fbf7067eac814610
signals/notching_000005_snr0.mat,37920,c61d3d5ceb33ad736e76719658a778c400bc0d48e936b59e612c36c08e187d82
signals/notching_000005_snr10.mat,37345,9d04c8548288ffed990ab54be37893338c8817fcb358c7c5cbc6ae4e6b0daa30
signals/notching_000005_snr20.mat,37263,aed2af033e2ca59cf4830356a7875812d432ae8f88ea006729febe759d8d6fe2
signals/notching_000005_snr30.mat,37252,407480f200d502f00faafd16fcf81cfe0f9d6d47a672c3274b4a7ce4f57c06d2
signals/notching_000005_snr5.mat,37615,4c60f03bea0b917edb62110b56d8ec1c25f06dae51c596934a9cded91665876e
signals/notching_000005_snrm5.mat,38017,167293a617d342b3a77bb3af9050255d02b648f81f9936440b55d583b2cebb5a
signals/notching_000006_clean.mat,8410,76197adfde73eda5069abad92526285a9e7c9d2b5c9172a14101cac91ac134fb
signals/notching_000006_snr0.mat,37927,bce0a32dfdb5be0bb431f195cc884591d0197ebd7356735282a9850cb1f06993
signals/notching_000006_snr10.mat,37398,0f72f71ab94c852f7b4096225aa4803bca99af5becd1d5fe08d25d0c1746753d
signals/notching_000006_snr20.mat,37265,f652e82a2aa5974bd89cdedee5e4798c5e98024fc4b738c24176c528fafba68d
signals/notching_000006_snr30.mat,37248,6846deed6805ebb1cdba13a7271bd7d954af2db60b8c7e84736d377906ad403a
signals/notching_000006_snr5.mat,37670,2ca32628f2afd65842d7e40cd4edda75bf0f1eda384a20764a62314de34925d8
signals/notching_000006_snrm5.mat,38016,88d1b6e6020a1917f453532798fa80e887742a65a5d78132546d2eb10b582d39
signals/notching_000007_clean.mat,8535,40a7361e9cfea93abad528f08bac79c064c357970acce9150eba9481e26afbd0
signals/notching_000007_snr0.mat,37920,c4f7993b19b472855bbad40be3461746fd4584ab3ed30b4a024a4a087432cb38
signals/notching_000007_snr10.mat,37470,6900d7d65e2c3a7b705b26ffaf67063369527ff8d5ac18b10b95884217310aa8
signals/notching_000007_snr20.mat,37425,534fdc72900df37cd6057ad86409d6813dd27c638430ed7fc18591345cf4fa5b
signals/notching_000007_snr30.mat,37442,15799eca613665245fd4b46066fa80a030ba70f74239e45136d06b05ac322d0b
signals/notching_000007_snr5.mat,37730,c57206448cdad0917d59161e5187804eb5054188cbc43959db00bce32c3d6ed0
signals/notching_000007_snrm5.mat,38039,ce91ccb6f1f50e99d050798521e7466080959213341b2a71e39336807800c8a2
signals/notching_000008_clean.mat,8498,e772a92d5a8342a35d6860ff63236750a86fd2fc849bdc5523dea50ad4f04c21
signals/notching_000008_snr0.mat,37909,ba5522913c974c254cd2a92b6187488e0cba0c63c6b3552e5f62a666885ee88d
signals/notching_000008_snr10.mat,37366,a1b62303b63b5ab03984b9c9fb8ada9532132d907077a6702595569b2916f273
signals/notching_000008_snr20.mat,37237,511cc93210c1976442e3f24770f6b8221406f336962ece36cfb44cd60f06e58e
signals/notching_000008_snr30.mat,37269,8931b771bdada976a42eda79784c5bd0c7362e1a8d99963defeadfd52e8e2782
signals/notching_000008_snr5.mat,37693,1cc41c774af7cf19c3f3ccbbe24212d7d70ab28df81e9d682d673a3b4a31724a
signals/notching_000008_snrm5.mat,38053,9b7e00f06e75a98ded658be2ecd0f86da6931813eba941a69305973a6427615d
signals/notching_000009_clean.mat,8445,4f76f4eaddd7f8d2251262bd23b0ad7b04d0d172c7e2969e92d4538069fecd24
signals/notching_000009_snr0.mat,37895,dc04f73f471171562e45baf1d5752d8125fb4427b6f9c220526f2689b1f07e58
signals/notching_000009_snr10.mat,37382,2cfe9ec9c63fae6c66d1764a4a7dc7e65dde04bea6a6c1aa1183eb799e841cbf
signals/notching_000009_snr20.mat,37279,beda85908d430a5efc93e0868ec0aedbec5ccddd71c2e3c9f8e926ee59f59b71
signals/notching_000009_snr30.mat,37264,50dbfd0b56e5f9a65900f5efd2afccd5e0bad935638907d5a2b838a2f2471712
signals/notching_000009_snr5.mat,37640,3d98b73e9cd42c732e911b7d6dd9652ca9d680a5f8fde351772f817d07c94183
signals/notching_000009_snrm5.mat,38034,176118b345cf9161e4be525455c920dfcc4379b6ae7db96d82a9b263db95b518
signals/oscillatory_transient_000000_clean.mat,9265,04feb8508b08fbf7a72d3d369a1bedbac0a4aa7911b7c08c1437ec9b5b1a0ac2
signals/oscillatory_transient_000000_snr0.mat,37969,76108518ea46686f217e9fb9a427e42bc112fe1b83a405ec2534cea63c5768ff
signals/oscillatory_transient_000000_snr10.mat,37392,2cab04ab1e35059f759233b9a0f8dae4541b5373321f1a846e691b26327d9520
signals/oscillatory_transient_000000_snr20.mat,37209,a418fb84bd01a123f952c4cea1277a4cd619461f5aed5728f5fbdfab5f20ac61
signals/oscillatory_transient_000000_snr30.mat,37210,dff715e7ea9194e28c479c6e3e8122ee22c6bd0632a7d6a56f56cdf1a638a1bb
signals/oscillatory_transient_000000_snr5.mat,37693,36edccc3a577f5fa19c41e6ef49b41f66628672c537441590a4eeb7b1b081a1f
signals/oscillatory_transient_000000_snrm5.mat,38059,3d3590295d16bda66b4e65694c15c2a0712a21d6d075e09bc0e35a3701ce7a08
signals/oscillatory_transient_000001_clean.mat,10091,b78ebc53cc66128c817231a499793dcf62ae73386c78e71938ec21819188a14e
signals/oscillatory_transient_000001_snr0.mat,37979,697c549c3533265ebaf2ec277d11ea796314144b975e05b06bd93c72bd8bbea4
signals/oscillatory_transient_000001_snr10.mat,37406,a875431f2489764ba4139c0e2d7fc76e7c2e54b3e0dbfb69678d448a479f8006
signals/oscillatory_transient_000001_snr20.mat,37175,94815abf432385df5f033384ce0c0719e8c1485f5ae1c2bdc3e89c48893e3d13
signals/oscillatory_transient_000001_snr30.mat,37208,90e41222f7f881509aaf3ae2b86acc6abab7ca2a28e053e721b232b920c5932f
signals/oscillatory_transient_000001_snr5.mat,37722,81ee883db014bd58f8c8a8c321a6c77fa3a2fcaed33b99d3839c63aaac067ad9
signals/oscillatory_transient_000001_snrm5.mat,38057,79b607126b646c537d5e47115bf4245da20cf7a133d0b206d0f3627023cb1e8d
signals/oscillatory_transient_000002_clean.mat,8765,d5b00637568ef0c08e39ff415e25469ea2f714630e05689f95afee84a9a39790
signals/oscillatory_transient_000002_snr0.mat,37967,5c2474e2d667656aeb1eddde1d285f47a6cbd1410ea78df1f2de13fcf68504f9
signals/oscillatory_transient_000002_snr10.mat,37390,caa6f10dfbc2975bfc8006597d9223e8bdddb3e776fd611693bc022c1c177b9c
signals/oscillatory_transient_000002_snr20.mat,37206,75625717e84f646a2508329b164c1aa5fd2142573d7e4c418c4aaee427b800d8
signals/oscillatory_transient_000002_snr30.mat,37193,3230a462f358f8d71bf26546a54619cb18f1a596e6bf566694aaa3c66597b203
signals/oscillatory_transient_000002_snr5.mat,37708,53817e4796808fe0e94b6e9b7b11356c04b5cc86422d0b6a64acd715efe55f2f
signals/oscillatory_transient_000002_snrm5.mat,38061,dcdca74e1841302b2b36320a7ef0e9f163805396065bc0a031876f37b5458a1b
signals/oscillatory_transient_000003_clean.mat,8952,fdb94342d303d22abbca2c47f957650924fd1671f651e371acfa8ee7139dd3f5
signals/oscillatory_transient_000003_snr0.mat,37939,66471d6dbc0b047d9ca68856a6a412151923746f0c7b7d5295b6eef10a55f842
signals/oscillatory_transient_000003_snr10.mat,37372,d5c815c0cf0d5040618b3603353c3e496316a841de817a4972b51dbed2f12303
signals/oscillatory_transient_000003_snr20.mat,37196,c8987e54ae967a55ab76e1d0e05dcdfd235c2c6c7908457573b5241209c9e54a
signals/oscillatory_transient_000003_snr30.mat,37183,6cb3050d25d9b57252fac673b04d3382a441c59d44f671c156c41201f25c7841
signals/oscillatory_transient_000003_snr5.mat,37705,abd7d43fe0fa768f08e6125e4f4608fe2ab6d9b28c7395aa518ff900d9cba39d
signals/oscillatory_transient_000003_snrm5.mat,38058,5c4df0b3334e902d4dafb128c045c397561d7d91ef1fa464d451ca754fdd0803
signals/oscillatory_transient_000004_clean.mat,9397,4cf53966eae016276ecdba5eed54e847a5ca756aae5b91267a535ca73cc478c0
signals/oscillatory_transient_000004_snr0.mat,37967,71b883e9d793d58e3caada78879c824464ec3a1c8caaf0362ffe09a2b2b82194
signals/oscillatory_transient_000004_snr10.mat,37383,07a09812b7e8b28440cbeb0b02c5e133ebb69957add4bc5d2826466aafac0a1a
signals/oscillatory_transient_000004_snr20.mat,37198,3c9a067f5e081034e85efb05ae8e3965ece3d2c075a25f74186ac05fb52b611e
signals/oscillatory_transient_000004_snr30.mat,37214,9b1d496539a2a39c54ee74677674951e3a14977b900e7fa24ea09c8ea1d0263f
signals/oscillatory_transient_000004_snr5.mat,37695,107baeb2120199737d3935f4baf071233643c692d8d1936c2a51a50227adf5a5
signals/oscillatory_transient_000004_snrm5.mat,38057,ec27cbdc7e95a1c5e72a82c5b4819a3e38aa36f3a75b4c00d8c36e2a2f9cfdd3
signals/oscillatory_transient_000005_clean.mat,10173,09d17ea8653a829356914a9a514ee967b54ef5776b878eaa5cc4c83e221d2328
signals/oscillatory_transient_000005_snr0.mat,37988,1593e8d961913781f69ba512565eec712d1dd0e5094808ede4cc490161ef850e
signals/oscillatory_transient_000005_snr10.mat,37400,86090e8e860a0ddcf1321a04ab8cb789d82a1b8b00695dd1ca14666191a2f29b
signals/oscillatory_transient_000005_snr20.mat,37184,3ecaa70bfb251b2ff8332f3019c3d8b33c29bff658c6c3aef38b76dd2c94a4a3
signals/oscillatory_transient_000005_snr30.mat,37216,8f58c0b7a5905c90afc9e3eb7f44819b17ca1b1ca3d1bb8bce1b18bebf025189
signals/oscillatory_transient_000005_snr5.mat,37719,2a02a8209159b091a12ef9a6dcb195bf38017c0f95da203a1608c0a0d2e8bf63
signals/oscillatory_transient_000005_snrm5.mat,38042,17ff0e2a7cb174d96b04f3a6e93151d1c240a712e4171032d17c99c12fbf83ee
signals/oscillatory_transient_000006_clean.mat,8975,ed6894670efeb3afff5f43d2b0c3a186da54d3ed15ffa77edff97cfe6f495904
signals/oscillatory_transient_000006_snr0.mat,37997,7047cc2e49e94fc7b87026bd2aeb6693c653c10316372fb188a38b5c2c9004ae
signals/oscillatory_transient_000006_snr10.mat,37401,9620766d1d9d72c27adb57687652cb282c7a72ee6f3f9d27e41381fd49a25ce5
signals/oscillatory_transient_000006_snr20.mat,37216,77dd77008f1e2151ad9cf955d6db66509e14ba2eeabc79762f91dcdb7a7e2fc4
signals/oscillatory_transient_000006_snr30.mat,37213,b8f22d9ca027bce686fe87c1a14b869c60790e48ca97e3da54fb3a88493664d8
signals/oscillatory_transient_000006_snr5.mat,37716,65bd17510d705f83f5248ed36f51f4bcaf5683f984f1426ed272e8097ede8574
signals/oscillatory_transient_000006_snrm5.mat,38053,102945bc274b881d8c7a0a866b89d86398439099aa97d0530cefcc5803633ab7
signals/oscillatory_transient_000007_clean.mat,9729,db4bd4f7821bb4d6ff4779b349ec16a4118860255690eff7cf42b16d9924568b
signals/oscillatory_transient_000007_snr0.mat,37994,e5e1cde5056db0bfa833ccc413884f1b92d003c8813e14de8b1d760f8bcd1b80
signals/oscillatory_transient_000007_snr10.mat,37407,dd7e52636ef8cf4f5e7cdd12bdb8ede1f32eed1494c8926c4b21bd55c6d832e6
signals/oscillatory_transient_000007_snr20.mat,37234,a2d1e055f758f977622f396eccf38293e87f59327f5411e905908461fc7bd541
signals/oscillatory_transient_000007_snr30.mat,37218,9c0b8888461ed6a05a71df5b9a01e33efcd9fbdcaba2eeeb705a5b9ce67689b3
signals/oscillatory_transient_000007_snr5.mat,37734,cd8987ddbcff65caeef667ccb28d9b975ca2d1dc978d49644f1f99b4bdc2dc6d
signals/oscillatory_transient_000007_snrm5.mat,38054,61b888282037a73f6433131a152d80abc5582b7d537fa5829d8fd42087267479
signals/oscillatory_transient_000008_clean.mat,9102,5dbffddd6dc36e4ecf0b88fc0e1140a80e1a22ec7dad18200ff3065edf03d7dd
signals/oscillatory_transient_000008_snr0.mat,38026,4f34bb8ed3518c5cc4b0728d819bf49fdbf0efe03b523378332366650fe185d2
signals/oscillatory_transient_000008_snr10.mat,37400,eb0a6d3cc2922f66bb25917499117b290b4871dc6c538977c1c3c49a2ac28584
signals/oscillatory_transient_000008_snr20.mat,37217,b718c07903ae44412a58b3b6913fac0943d1bc659d703ee158527150d4d0441e
signals/oscillatory_transient_000008_snr30.mat,37187,33eb3cab9e7f7f73a3c496cd2adcc21de42af2eaf78cae3e2e23bae8e189e941
signals/oscillatory_transient_000008_snr5.mat,37726,fec7b2b771dac787b31e342d631e25a360430807cd82e68ea8a6f48c663a018d
signals/oscillatory_transient_000008_snrm5.mat,38069,de4fd7af096c0d208260d08d1a7d0c97ce928a32b2edb24dfa8b3ff83c457ea0
signals/oscillatory_transient_000009_clean.mat,10123,913228ae90f681c0437305c26d9d97d289f5ca6f8331293dbd596b2609c34408
signals/oscillatory_transient_000009_snr0.mat,37998,626e19bf02ca34c17346c4ac726847145c8b92b9da7d6648fe4acb19a3e8857b
signals/oscillatory_transient_000009_snr10.mat,37426,7f052657d212e8ea65c4732e9ae0fb2cbe521e0a983b0b31652f681b160f0c92
signals/oscillatory_transient_000009_snr20.mat,37204,15b9c6f5bee61308568f6ff314d312a364ec2583d77659575e987c608d8cb2d1
signals/oscillatory_transient_000009_snr30.mat,37216,3ab0e62860e1f8134687021020fc836e2c6abd93efe5d935c71fc9348ab42f71
signals/oscillatory_transient_000009_snr5.mat,37733,1f5c6c304665ee73e3afc2f3b9bd0df9d0ba8fcf553cc49aacf8f4ed2b524d41
signals/oscillatory_transient_000009_snrm5.mat,38053,fde9a7fac4e7932644a42d975fb1b6fb8e28c1a16399e46ea2df410c49ac07f5
signals/voltage_sag_000000_clean.mat,9766,aabb351ab8a647f559ac7e6e014485adec7c72b187d9c5ab7e7edfcb5584e4b2
signals/voltage_sag_000000_snr0.mat,37931,20aeaca5e0a6e069ac3dd139f3cf7809e739f38123c4439230adf65b2e78ae22
signals/voltage_sag_000000_snr10.mat,37329,9ac1cc395aac017651ae2f937c9aa7993de16a694bdaf79c98b2b7985bfbf240
signals/voltage_sag_000000_snr20.mat,37189,ad922b1a4ee98b11e63dbe21db19677a7923792c5ae62130785243692757bf8f
signals/voltage_sag_000000_snr30.mat,37179,2d8f65e38da264fe6b1f73e3a34658a197fedf308cf35e0e34c971f91b47ed4d
signals/voltage_sag_000000_snr5.mat,37632,594f311e37cae42000690ba5a874f44e66f6d20c8142aaef81c8fa7640497f46
signals/voltage_sag_000000_snrm5.mat,38014,59ae1dbd76fbdd0f47fff8bd84f6ecb099ba282f1c66d6dae2fde8202c22abb3
signals/voltage_sag_000001_clean.mat,11033,6738144028d47ca70368340d8bdcc22b3af99ec9ab55b2f56c9d30cc674b6af6
signals/voltage_sag_000001_snr0.mat,37927,3617fdbe12b6238a7a54e06c4980addb25d997d7e849e9e2afbeb79c623733e0
signals/voltage_sag_000001_snr10.mat,37361,a86082f56c439646c2936d86141e2be111bda0ba28760ea3feeaa8848ccca6eb
signals/voltage_sag_000001_snr20.mat,37237,940e0ce2fa592a467b18d3a575b5bfff631f4a6d52a3d64b3b2b30b6cd1c2279
signals/voltage_sag_000001_snr30.mat,37241,d24d5e8a9d661fdddfcd0cd6d0beb52245b221da79939be1c9ef97422ea2d2e3
signals/voltage_sag_000001_snr5.mat,37637,767ea9eb3b278793c99721e4b2395b4497aeb2dce964fee145dab2cd6f2f000c
signals/voltage_sag_000001_snrm5.mat,37979,f43d7de0c61377d1282eaca8824c70559e27fd0eb269ed1515767043b941a331
signals/voltage_sag_000002_clean.mat,9864,d9cd4a317fff0f6368929b38dcf00172285f32bd6df688a6589bdbe728676f7c
signals/voltage_sag_000002_snr0.mat,37915,ee57513c59ece4e208b3a2e4c43b186f8008bd6af54d734f440f5d4eadc55cd4
signals/voltage_sag_000002_snr10.mat,37430,e9f1605bd34ceae4c6d38f626f934d23b6d3322a38e8c7214cb368c3bc1d8469
signals/voltage_sag_000002_snr20.mat,37260,8a396e02fdb49591ff814fa7fcb1054ba505cd326d706204128e8305c78251c4
signals/voltage_sag_000002_snr30.mat,37276,81eb43be3cc029010edc5a71fbb208e6803734b79e2e1cc66221b81438f36594
signals/voltage_sag_000002_snr5.mat,37709,e71083e801308c6e596fa569ea72582e3481c6fa40296a6ce3dce1e62f792bde
signals/voltage_sag_000002_snrm5.mat,37997,663e8b25e91cdcbea81a3af2a44699d66cde5077097e2308609ad6604b8a6fe1
signals/voltage_sag_000003_clean.mat,10913,7dbc1307eef773b550eeac244c30dbebeb9a411c7dcdff86af3f0758855a9bd1
signals/voltage_sag_000003_snr0.mat,37938,69d9be57e0f1632db0b8dcec2d06be7fb09b40a028618e47bf350e2af2ce0ec0
signals/voltage_sag_000003_snr10.mat,37459,833c640f3b3f7d0d7de5fc7674d325cc02f8c8a256439049530053e24ee92f0a
signals/voltage_sag_000003_snr20.mat,37321,c9117bd49f1f4cc13a340a583fe54588d0d8a962c1af751dab2ccbcc17479826
signals/voltage_sag_000003_snr30.mat,37330,d1b8a4d94ef5f9fae5ae359387312abca9a4c185cd9dd8830018e9d33e749e17
signals/voltage_sag_000003_snr5.mat,37707,4d3fde76ec16354b96d589780948744393347aab0ce0f5619eee75171137d1b8
signals/voltage_sag_000003_snrm5.mat,38037,0173f37baf34824abe054697ee0dedb392f7d4bab4acdb37cdfd7f149d6e1353
signals/voltage_sag_000004_clean.mat,10304,941c454bef884e197dc4f45eac59386b49baa796df71ff8f85fded7b3abe2022
signals/voltage_sag_000004_snr0.mat,37914,33eb48a21fef0ff1ee71d7c2dd64e779fd181d77af2999cc4b753734cd3b94c0
signals/voltage_sag_000004_snr10.mat,37316,cbaedc303265696d6d73ec56d60a8c77d82d5a16ccc02183165cedc29f301330
signals/voltage_sag_000004_snr20.mat,37216,e4f0c5277994fa9e3aea2883ae5f4358b1fa5f961f7ef617c40581b8b760ac9a
signals/voltage_sag_000004_snr30.mat,37183,4ac87f3d85c73aef47d9e145e9176e77327e67c6b7eaa0bbd838e2b3dcea81ae
signals/voltage_sag_000004_snr5.mat,37640,8da9e6202614b1dcff2fde6ea146dbf0d8b0c952bd8a4db3b63658f251c56e2d
signals/voltage_sag_000004_snrm5.mat,38006,aacff10fe355e7c9574ccd63b14ecad94ba5eecbabc959478feed6eba974b191
signals/voltage_sag_000005_clean.mat,9871,ca361c36ff3bbdaa0518a395e33dcac4f5cd92fce83fbdc893abcd1514284e9a
signals/voltage_sag_000005_snr0.mat,37939,d5342df4ecad8083475b5206c59792c3ef93f914e591c268f40b43b617b27ae4
signals/voltage_sag_000005_snr10.mat,37381,7ba2ee8136b019d7b7389165448ab3d5a2772a00a89af9d65654eea7f0c18683
signals/voltage_sag_000005_snr20.mat,37221,0fd9f3b9a41341067e675493c8b5874eb4557f8b6f7013cbb7db03735566a8fe
signals/voltage_sag_000005_snr30.mat,37192,e3cf9109b03e21aaf236a79c0c14c09c06359429ac22b503c8abbe75f5b33ccf
signals/voltage_sag_000005_snr5.mat,37678,7f3ad66e506085cb9699e208c137f5187224f052c73a38f0932bf736699115b6
signals/voltage_sag_000005_snrm5.mat,37991,121f2d4d87d039839892fae7fd886795fc47109155b3c7b94b6859c2eeb1f352
signals/voltage_sag_000006_clean.mat,11211,e653a720633e6e2035e0219dbd67cf85eeee60dcad265e849dbd5069c4894402
signals/voltage_sag_000006_snr0.mat,37936,ec472b7e663deb71648a928d430bec8119d00fcadf64ad8a4c5478ccf77a70c5
signals/voltage_sag_000006_snr10.mat,37478,f260ad95031a2d80a8ce3c8e1917e84c8588be1d045eb84dd21ac1b1230ca927
signals/voltage_sag_000006_snr20.mat,37313,ea60c65110b8b10ba41bec9db2fdbd6811c71233e85d78a82077a6fe8e42ca52
signals/voltage_sag_000006_snr30.mat,37327,624c54871b640550e38dea35d5a8832b6515e4ef7c2a5378f82376d3cf601e3f
signals/voltage_sag_000006_snr5.mat,37669,d6db383e6b46c5ee83aceb5c721c26d82eeefe0becd21c2b68e0886bd83cb86f
signals/voltage_sag_000006_snrm5.mat,38043,97336f301e3b4a9a13eaa345190630a61366053110b97c41cd9dda66233c18b3
signals/voltage_sag_000007_clean.mat,10414,3b30325684ba37c84a258556231958d0e11b236ac4a2e55b6b7c4b9583dcaf60
signals/voltage_sag_000007_snr0.mat,37901,822d718b97cad2055cdad13beaff61ec642a880aba99f462fc37a2aa18b66363
signals/voltage_sag_000007_snr10.mat,37452,d9490c7f03f5f9ca44a90b041fbb1a5a668be892028411d63010c6c6f2c9c4d7
signals/voltage_sag_000007_snr20.mat,37323,058be31557cfd5cb233e1ecc0e4e8cc21ab1097fd29e2431ab749e1914429609
signals/voltage_sag_000007_snr30.mat,37305,3962678af34ca0a0891b039f4bff0f24ca836154be15e3589ae95bc4883631b3
signals/voltage_sag_000007_snr5.mat,37653,5b6f7951cef9dde9e8a63451d780160b9e2e4b6b1ed958176c1361141b1cf0cc
signals/voltage_sag_000007_snrm5.mat,37990,b940d0d8ee2a97e7a2552355baa86c82f6d701da68c8854e6c11882446f1ccd2
signals/voltage_sag_000008_clean.mat,9856,c8a48b6e4291cd5389bb1d0114c9e59b1e13eee4e891a6c11852613f8ce14851
signals/voltage_sag_000008_snr0.mat,37920,6912e1ecc8d80deec1e03b852ecdb8bc52ed41c8944c6dd00aa3080ba727ded0
signals/voltage_sag_000008_snr10.mat,37367,299c3a7353e59bff84645a1c8979cc3ab239127186c217b0d05b6f55b0358c1c
signals/voltage_sag_000008_snr20.mat,37193,1c90b754eebdaad62d0bf156d48b01fb940464999b24bcd2f367b13f5ca3370b
signals/voltage_sag_000008_snr30.mat,37235,f0304f414ae772e415e214ec14e3a8a5fd02914c5de828da0c28d0acef890409
signals/voltage_sag_000008_snr5.mat,37652,c25b8060d4fad439115db32bd6893b256a46960999b23b380942942a39c8c236
signals/voltage_sag_000008_snrm5.mat,37982,c2ce209764b646a52a72749fb575a1bc06bbc21f35325dc95193a73a4dae8ae9
signals/voltage_sag_000009_clean.mat,10859,22cea9f370b1513fe2a9b1e7c8df4c21262cc1c153315cf154a6069508a9fe61
signals/voltage_sag_000009_snr0.mat,37904,047f4e2394dec86676899c011c46bd8ef1be7e1cfe76ba462ab5ab153d407cdb
signals/voltage_sag_000009_snr10.mat,37335,d5357a4311d5ff5081c8ddaa063b28ee63eb946c7545c12297b96c3dc584e95e
signals/voltage_sag_000009_snr20.mat,37175,911e152829b8625ec3f34cd9151d15cc0c72fb4fad3655af0a22614fdf03dbe4
signals/voltage_sag_000009_snr30.mat,37193,bb0323549abebdf190ddd5ee06af7175608f43a9fd24890f42fe6c8215e683e0
signals/voltage_sag_000009_snr5.mat,37643,12ef5ad286a344dbfa752a14fbfecb872fd1a551d186ddadaae1dcdf5fc5e121
signals/voltage_sag_000009_snrm5.mat,37992,5b2abd83894ac2bcd7a75aeaf4bb6d2007a30b8a99553d3662448df8530a69f9
signals/voltage_swell_000000_clean.mat,9657,f69f3eaaa80c7daceb2615682717c8c8748d36d07bcac87c53d2f0d7ba7fb94f
signals/voltage_swell_000000_snr0.mat,37918,6f2a809c0131ba7ebce1d8e5fc875e7dc14f6a332186b5a404156ac71dad1f18
signals/voltage_swell_000000_snr10.mat,37341,f870dc7ea74fcfb5f196d1990224d4629c95c793ded48b43f2b64cc6d14121a3
signals/voltage_swell_000000_snr20.mat,37144,cd526eb77186882a628d247cc8b90b461998a1d639855021b867de8506a94184
signals/voltage_swell_000000_snr30.mat,37187,002e3acef147b33d788f24e632ec2880e9e760fec635f2408da787f107145d4c
signals/voltage_swell_000000_snr5.mat,37695,7928dc09e87281121530d06648ad204d5c20825041b711c6ae090f30368822e7
signals/voltage_swell_000000_snrm5.mat,38030,ce4e0752cb7a896daeff85857c61cc80631cc561eea3f1030af336e93b2ac79d
signals/voltage_swell_000001_clean.mat,9780,94579e8aa716cf73431a654d58fbc5c281142ab0b1651df4fffc3e6fa20ea247
signals/voltage_swell_000001_snr0.mat,37944,8598f3510329556c22ce0963610c28d4886853bb0875e2b7d085959ea280f64c
signals/voltage_swell_000001_snr10.mat,37395,c2f34d2225c9a0dfb87f503053bccbe245ee154950994be17c6a75b46d1deafc
signals/voltage_swell_000001_snr20.mat,37196,f2bd4668ea0d3b572fd70ed6d032660109afa9093ecc2d668177d735dce7dfa6
signals/voltage_swell_000001_snr30.mat,37158,3e3e21991d8b0a3686ab636d8469a8b386dea584067ab8f6437cc726094cd625
signals/voltage_swell_000001_snr5.mat,37719,2f200d960d685c9e23f79b9a86b1a48a16c5df8a97f9d65d64b2dcd75cc34867
signals/voltage_swell_000001_snrm5.mat,38006,5bdb5f922225d7d6d7e3711caf9a1c3b2c2c546dc93d6ad58bb81bae434db44f
signals/voltage_swell_000002_clean.mat,10615,8b411f310a71cfaa0ab9be6b06802792d6d6a8f18ebb6b335813338a0fd8f16f
signals/voltage_swell_000002_snr0.mat,37977,d77606a6fe4e5d451629e38a76139aa069a0dbead3254ba5e977882236485782
signals/voltage_swell_000002_snr10.mat,37424,cb7d92f15a18fb2266ce12638fd41d041d7d0de482dcba397f39e3d0302912b5
signals/voltage_swell_000002_snr20.mat,37222,736754fa2e326ae5d1e9afbd52cfe63ef458136f80fee15c5bcb06a77916ba3d
signals/voltage_swell_000002_snr30.mat,37226,f41b58019b34f7a99a6306ea0c62848c7a8001a33f90c81d0abe7cfb601cf3bb
signals/voltage_swell_000002_snr5.mat,37723,d69788804b6b1af6e9375288b490187abadbe7e9692cb9e5fb9daa3a929ccb3d
signals/voltage_swell_000002_snrm5.mat,38008,0ba173079e9c3e3899fbd1a33621b55b65a33bf2c2c7819b268f2ec11e5c44e5
signals/voltage_swell_000003_clean.mat,9509,cb2568a5203eadc2db4bfc9e3c672511e4e9b913993413cf6de713c83d94287b
signals/voltage_swell_000003_snr0.mat,37927,2be181ca3ffea9600a0d31a747302d3abe7f103d940ce3f0dd581b5709f318ed
signals/voltage_swell_000003_snr10.mat,37384,4736f185269cb81d9abc56612f5d5ed2647ca629d6b927ded4bd4c011b8ad235
signals/voltage_swell_000003_snr20.mat,37246,3d86b67a9ab0ea61ca011457291af29d6fa430f89d8a453520996848ba695132
signals/voltage_swell_000003_snr30.mat,37263,a2b65e47df368af413aef6058ae627d4ed2ac7176b364cf775c224b6cd87273b
signals/voltage_swell_000003_snr5.mat,37710,0d3ac09b6d7cddcaefc16c3c347c2af9d739123fbb7d2df0f5cf1f735be1f724
signals/voltage_swell_000003_snrm5.mat,37984,3e0b97853688ef0c020417b52b86126d4edba14f00ab2eb2dc33b7b6c5d01b84
signals/voltage_swell_000004_clean.mat,9772,64f4ac866dd7ae5781eef785899d21104b7b6e3e3a53188dda1cedf54ddf7af0
signals/voltage_swell_000004_snr0.mat,37933,8fe7bb52ad1edfb252e795f76679c0f03084aa069db565ad9bbf8eae966bca40
signals/voltage_swell_000004_snr10.mat,37365,fd2629298ca3ebabb96d1b41f1191171e742cf7f2acfba86a62bec92848e3498
signals/voltage_swell_000004_snr20.mat,37172,c2b343b4bce60ddbfeea395c683093255bb5d5e6eba1412fd6a6ee8efca583bc
signals/voltage_swell_000004_snr30.mat,37166,3f9426f575ff0893aff4cfac631da09c8675772395023a9c2ebe90b2c8c2def1
signals/voltage_swell_000004_snr5.mat,37700,ec17c3e6d0107a07f1aa0311f6deda4075cfaed69f29ab0ff8027dd899eedf0c
signals/voltage_swell_000004_snrm5.mat,38020,0daafbd032a8918594f0927a7f3c74d18826e41117cc3f486ecf9ca5eac5bf79
signals/voltage_swell_000005_clean.mat,9258,acc997d95fe53ee786ccca61434a9abe0d5d923cf7b5deb74a5378094fc64b10
signals/voltage_swell_000005_snr0.mat,37950,437d609aa4d77933bd6f4586fcb9f6a952fb9fa3bd02851401cc2ec7c785691c
signals/voltage_swell_000005_snr10.mat,37366,77b1e5abbecd44544dabeff82605fe9748777722c112c4acdc8807f603008d7c
signals/voltage_swell_000005_snr20.mat,37181,a7996ded5b4aaf667e357bf7e93004d9ba360c32d1ae1bbb964933a85e495f7c
signals/voltage_swell_000005_snr30.mat,37195,52d30ae72f3fa25bb30da669cdd6b817599e32e6c34e628c7b4eb76a6c265c16
signals/voltage_swell_000005_snr5.mat,37695,89554f07684a3ac9d9a7c2d35889ee8f1e97edf18d0f4bf541f32287feac0cb8
signals/voltage_swell_000005_snrm5.mat,38012,3ff12472199ef6328f0673b345b6c8f6313a1a9e42fdbc205c1015e4e14caa14
signals/voltage_swell_000006_clean.mat,9490,8a333c5f5d42ca022ef574e69b4b346ea52b4583753ad325a5d474be30c621cd
signals/voltage_swell_000006_snr0.mat,37930,afefb1087ecd72796cc29cee9dea38eabb0564234ed095b0990b68b0342b7605
signals/voltage_swell_000006_snr10.mat,37372,fb94ef586998a54376cd94c1fb1adc0b44ae29789a8c88f866ba8fbadbe94abe
signals/voltage_swell_000006_snr20.mat,37222,37af048ce1a7a73e8f3163ee448d4283df2644b75a89c5e1eceecf00efd5f73c
signals/voltage_swell_000006_snr30.mat,37230,021b7b5d623d19e58480a318be438e92e57cdf3f1ecf1ad1b416994081b31ce1
signals/voltage_swell_000006_snr5.mat,37691,683b9201d309067290f8004adc9b62b920200e28afe83959fc1f27393dd23e3a
signals/voltage_swell_000006_snrm5.mat,37993,00b8a4c1eb71d5268aafed7731ed3318bfc9c455f648a1cc24e0d7c341970113
signals/voltage_swell_000007_clean.mat,11320,24797a6afb5607b199f1031af52dce0d00153c22fd74771562ded0e93eae71ff
signals/voltage_swell_000007_snr0.mat,37935,3e657c0b40fa16f0d810a7b9f0ae8cd654bcb9e99dfd595403c29bf60a45f391
signals/voltage_swell_000007_snr10.mat,37503,3de7203f32c49240c7c4a9697a5b862f44bebf3bc330377f3c3d7e0542ed9fa2
signals/voltage_swell_000007_snr20.mat,37358,cae9bf34024f52963e1d62e467226c0c18f2bb8ba3455de220b387797827160c
signals/voltage_swell_000007_snr30.mat,37317,db4dbff5be6fcd45c27fe1f99a4caf980c5d4c5ccaa2182561d26ee2487fad6d
signals/voltage_swell_000007_snr5.mat,37808,822361b6a37b6b66d578a0e8d5c0fe98917870227e1572d1b244dd1c446c501e
signals/voltage_swell_000007_snrm5.mat,37984,7fe4a03acd5c322801e8036696cf826a0f003f1d6344ab491e8bfd67841b8846
signals/voltage_swell_000008_clean.mat,9789,4d6919cfe8baef0a71a319405d583c462c5f639efb13b439864b68a9dc9e2db7
signals/voltage_swell_000008_snr0.mat,37923,135467ea20f528e2051a6224fbb7e67c3607e75fcefa0f85e4c5bca40daecb4d
signals/voltage_swell_000008_snr10.mat,37355,ccdd73d8caf22b88f91e951c774b89d01b02ae0815c397e5b0a36fa99a425ec5
signals/voltage_swell_000008_snr20.mat,37150,d3e3bff94b9fafd42c51a89d65dcfdd05ee841558ab96030c538d6c7a1a82b67
signals/voltage_swell_000008_snr30.mat,37137,71de41937328c5891929e84c9eeba121eb42bda63bb1f1e857b03d9a2d63dd1c
signals/voltage_swell_000008_snr5.mat,37668,0d4c7823a72454fcba4311ad808fddad2fbd13615521fd2ba48fb1c551da0254
signals/voltage_swell_000008_snrm5.mat,37996,ba29669e5d28ffee1427ea9ef92c53a2134df0dcc6e9dad1a28fac48db540cc2
signals/voltage_swell_000009_clean.mat,9828,55032c3395d37ea706dbadb702851dd24c00acbb95f023abd6b557ffd84ab523
signals/voltage_swell_000009_snr0.mat,37941,7642375e53cce837ea8795296b1460e6f8f2687bc8c44de4f1e2ba39e1f941d3
signals/voltage_swell_000009_snr10.mat,37402,800ee40e64feedecaa6f7ea323167895b91d507f77d9a00c756ebd5e80fb130e
signals/voltage_swell_000009_snr20.mat,37188,2ffc58512394d0261c7ff2acf75781e813828f12b0a346c3fd138115530d026b
signals/voltage_swell_000009_snr30.mat,37156,a5a7ab4325ed9ec2626f5642a877c2d2354a84d536f2facafc517ce27a5aacf7
signals/voltage_swell_000009_snr5.mat,37694,5f6d59140a403db42906bcc993be05173a4f5c9507342ce8151bc0ff295e172a
signals/voltage_swell_000009_snrm5.mat,37984,25efc804ee70fbad8b4771b16b3705aa2580bb90dafc88cf56a16537b8f9f775
