feature_s,classification_s,severity_s,state_s,total_s,representation_bytes
0.005178,0.012506,0.001162,0.237344,0.256488,84168
0.008931,0.022048,0.000675,0.00407,0.035966,84168
0.020254,0.036459,0.001757,0.00204,0.060656,84168
0.00328,0.008434,0.000366,0.001692,0.013902,84168
0.002464,0.007705,0.000668,0.009693,0.021731,84168
0.002061,0.008256,0.000325,0.002029,0.012739,84168
0.002325,0.009008,0.000318,0.000974,0.012689,84168
0.002273,0.009131,0.000362,0.000918,0.012743,84168
0.002516,0.009485,0.00036,0.00095,0.013369,84168
0.002224,0.00856,0.000345,0.000911,0.012108,84168
0.002268,0.00842,0.000329,0.0009,0.011981,84168
0.002139,0.007795,0.000296,0.000643,0.010926,84168
0.002027,0.008063,0.000344,0.000826,0.011319,84168
0.00218,0.008418,0.000325,0.001057,0.012039,84168
0.002196,0.008342,0.000357,0.00083,0.011802,84168
0.002487,0.008572,0.000326,0.000827,0.012287,84168
0.0024,0.009173,0.000392,0.000787,0.012815,84168
0.002576,0.00808,0.000317,0.000747,0.011778,84168
0.002524,0.008663,0.000363,0.000826,0.012437,84168
0.002456,0.008702,0.000361,0.000783,0.012368,84168
0.002468,0.009567,0.000418,0.000832,0.013371,84168
0.003029,0.009732,0.000408,0.000803,0.014049,84168
0.002666,0.01088,0.000436,0.000873,0.014926,84168
0.003067,0.012562,0.000503,0.000863,0.017093,84168
0.002953,0.009446,0.000361,0.000881,0.013727,84168
0.002425,0.009367,0.000381,0.000782,0.013019,84168
0.002572,0.008161,0.000324,0.000778,0.011896,84168
0.00251,0.008466,0.000641,0.000752,0.012439,84168
0.002576,0.008534,0.000421,0.00201,0.013608,84168
0.002437,0.009089,0.000706,0.000805,0.013112,84168
0.003076,0.009474,0.000386,0.000851,0.013864,84168
0.002895,0.009711,0.000405,0.000803,0.013888,84168
0.00286,0.008573,0.000406,0.000786,0.012697,84168
0.002386,0.008349,0.000349,0.00075,0.011898,84168
0.002369,0.008228,0.000357,0.001564,0.012581,84168
0.002516,0.008152,0.00033,0.000781,0.011848,84168
0.002691,0.008877,0.000377,0.001346,0.013363,84168
0.002604,0.008713,0.000317,0.00084,0.012538,84168
0.002501,0.008751,0.00036,0.001563,0.013246,84168
0.002992,0.009155,0.000357,0.000801,0.013389,84168
0.002499,0.008582,0.000303,0.003138,0.014589,84168
0.002407,0.00821,0.000352,0.000923,0.011957,84168
0.002365,0.008078,0.000379,0.000861,0.011757,84168
0.002636,0.008006,0.000351,0.00079,0.011844,84168
0.002676,0.008627,0.000335,0.000824,0.012528,84168
0.002767,0.00995,0.000404,0.000831,0.01403,84168
0.002597,0.010086,0.00044,0.000783,0.013977,84168
0.002684,0.008137,0.000381,0.000915,0.012196,84168
0.003712,0.011029,0.000384,0.000974,0.016196,84168
0.00265,0.007959,0.000337,0.000809,0.011817,84168
0.002379,0.007675,0.000386,0.000806,0.011314,84168
0.002458,0.007613,0.000383,0.000806,0.011326,84168
0.002677,0.007874,0.000408,0.000832,0.011855,84168
0.002677,0.007989,0.000393,0.000877,0.012014,84168
0.00283,0.008662,0.000376,0.00097,0.01291,84168
0.003698,0.015684,0.000419,0.001112,0.021018,84168
0.003591,0.008309,0.000366,0.000798,0.013141,84168
0.002354,0.007754,0.000375,0.001065,0.011611,84168
0.002731,0.00761,0.000349,0.000818,0.011585,84168
0.002394,0.008034,0.000599,0.000848,0.011949,84168
0.002379,0.007455,0.000438,0.000995,0.011348,84168
0.002409,0.007878,0.00038,0.00092,0.011652,84168
0.002934,0.008957,0.000417,0.000784,0.01317,84168
0.002947,0.008132,0.000348,0.000842,0.012344,84168
0.002661,0.008079,0.000412,0.000755,0.011981,84168
0.002672,0.007482,0.000339,0.000765,0.011327,84168
0.002322,0.007415,0.000316,0.000788,0.010905,84168
0.002311,0.007136,0.000298,0.000748,0.010552,84168
0.002313,0.007158,0.000296,0.000732,0.010556,84168
0.0022,0.006784,0.000308,0.000738,0.010088,84168
0.002206,0.007406,0.000284,0.000738,0.010696,84168
0.00214,0.007786,0.000298,0.000721,0.011009,84168
0.002261,0.007592,0.00034,0.000769,0.011028,84168
0.002495,0.007424,0.000291,0.00068,0.010946,84168
0.002464,0.006874,0.000314,0.000779,0.010485,84168
0.002183,0.006774,0.00034,0.000662,0.010019,84168
0.002207,0.006843,0.000328,0.00062,0.010056,84168
0.002204,0.006989,0.000316,0.0007,0.010271,84168
0.002846,0.006687,0.000428,0.000727,0.010751,84168
0.002242,0.006525,0.00078,0.000684,0.010299,84168
0.001966,0.006298,0.000541,0.000704,0.009566,84168
0.001951,0.00689,0.000278,0.000658,0.009842,84168
0.002559,0.006755,0.000312,0.000695,0.010384,84168
0.002344,0.006589,0.000379,0.000747,0.010123,84168
0.002353,0.007083,0.00032,0.000692,0.010518,84168
0.002302,0.006755,0.00037,0.000703,0.010195,84168
0.002213,0.006963,0.000401,0.000702,0.010339,84168
0.002474,0.007137,0.000513,0.001057,0.011257,84168
0.002413,0.00773,0.00037,0.00084,0.011425,84168
0.002405,0.007384,0.000316,0.000672,0.010838,84168
0.002276,0.006977,0.000264,0.00057,0.010139,84168
0.002573,0.006598,0.000284,0.000694,0.0102,84168
0.001978,0.006034,0.000303,0.00053,0.008903,84168
0.001847,0.006114,0.000278,0.000499,0.008783,84168
0.001808,0.005693,0.000581,0.000561,0.008697,84168
0.001927,0.006207,0.000304,0.000553,0.009042,84168
0.001906,0.005848,0.000247,0.000478,0.008528,84168
0.001897,0.005642,0.00032,0.000422,0.008326,84168
0.001825,0.005989,0.000303,0.000725,0.008899,84168
0.002013,0.006326,0.000284,0.000602,0.009277,84168
