method_a,method_b,delta_f1_a_minus_b,delta_ci_low,delta_ci_high,p_raw,p_holm,permutation_mc_se,independent_families,bootstrap_replicates,permutation_replicates
FFT_SVM,STFT_SVM,0.016736281510481,-0.0031387020734599,0.0373204040500135,0.108989101089891,0.217978202179782,0.00311609959495557,864,10000,10000
FFT_SVM,DWT_SVM,0.0729013907659269,0.0484144129776093,0.0976995678849517,9.99900009999e-05,0.0014998500149985,9.99850018747813e-05,864,10000,10000
FFT_SVM,FFT_RF,-0.087874310931941,-0.11614180605874,-0.0598448144197698,9.99900009999e-05,0.0014998500149985,9.99850018747813e-05,864,10000,10000
FFT_SVM,ST_RF,-0.048104069221789,-0.0763401540625218,-0.0205792210443626,0.0008999100089991,0.0035996400359964,0.00029983499961609,864,10000,10000
FFT_SVM,CWT_RF,-0.09375688407639,-0.119802902510909,-0.0675055277775441,9.99900009999e-05,0.0014998500149985,9.99850018747813e-05,864,10000,10000
STFT_SVM,DWT_SVM,0.0561651092554459,0.0354061588827896,0.076944329319166,9.99900009999e-05,0.0014998500149985,9.99850018747813e-05,864,10000,10000
STFT_SVM,FFT_RF,-0.104610592442422,-0.133621908129206,-0.0764512231393109,9.99900009999e-05,0.0014998500149985,9.99850018747813e-05,864,10000,10000
STFT_SVM,ST_RF,-0.06484035073227,-0.0929586151475782,-0.0366496712208274,9.99900009999e-05,0.0014998500149985,9.99850018747813e-05,864,10000,10000
STFT_SVM,CWT_RF,-0.110493165586871,-0.137159781979981,-0.0845590553405248,9.99900009999e-05,0.0014998500149985,9.99850018747813e-05,864,10000,10000
DWT_SVM,FFT_RF,-0.160775701697868,-0.193311421885153,-0.129309255331641,9.99900009999e-05,0.0014998500149985,9.99850018747813e-05,864,10000,10000
DWT_SVM,ST_RF,-0.121005459987716,-0.153754523875854,-0.0884568610772968,9.99900009999e-05,0.0014998500149985,9.99850018747813e-05,864,10000,10000
DWT_SVM,CWT_RF,-0.166658274842317,-0.196445719292151,-0.138015391098401,9.99900009999e-05,0.0014998500149985,9.99850018747813e-05,864,10000,10000
FFT_RF,ST_RF,0.039770241710152,0.0140538569991804,0.0653262330713278,0.0020997900209979,0.0062993700629937,0.000457730421288234,864,10000,10000
FFT_RF,CWT_RF,-0.00588257314444907,-0.0288563696625438,0.0171356813600426,0.592440755924408,0.592440755924408,0.00491355842122352,864,10000,10000
ST_RF,CWT_RF,-0.045652814854601,-0.0648250146938479,-0.0261795490380851,9.99900009999e-05,0.0014998500149985,9.99850018747813e-05,864,10000,10000
